"","lakeid","lakename","year4","daynum","sampledate","depth_id","depth","tn_ug","tp_ug","nh34","no23","po4","comments"
"1","R","Peter Lake",2008,135,2008-05-14,"-1",NA,388.32,10.67,NA,NA,NA,""
"2","L","Paul Lake",2008,136,2008-05-15,"-1",NA,230.64,9.46,NA,NA,NA,""
"3","R","Peter Lake",2008,140,2008-05-19,"-1",NA,377.03,8.48,NA,NA,NA,""
"4","L","Paul Lake",2008,141,2008-05-20,"-1",NA,198.83,7.74,NA,NA,NA,""
"5","R","Peter Lake",2008,147,2008-05-26,"-1",NA,358.51,9.44,NA,NA,NA,""
"6","L","Paul Lake",2008,148,2008-05-27,"-1",NA,236.67,5.25,NA,NA,NA,""
"7","R","Peter Lake",2008,154,2008-06-02,"-1",NA,359.2,11.55,NA,NA,NA,""
"8","L","Paul Lake",2008,155,2008-06-03,"-1",NA,290.08,10,NA,NA,NA,""
"9","R","Peter Lake",2008,161,2008-06-09,"-1",NA,336.6,10.7,NA,NA,NA,""
"10","L","Paul Lake",2008,162,2008-06-10,"-1",NA,257.75,8.04,NA,NA,NA,""
"11","R","Peter Lake",2008,168,2008-06-16,"-1",NA,301.4,4.85,NA,NA,NA,""
"12","L","Paul Lake",2008,169,2008-06-17,"-1",NA,231.42,4.06,NA,NA,NA,""
"13","R","Peter Lake",2008,175,2008-06-23,"-1",NA,293.15,5.84,NA,NA,NA,""
"14","L","Paul Lake",2008,176,2008-06-24,"-1",NA,336.5,14.36,NA,NA,NA,""
"15","R","Peter Lake",2008,182,2008-06-30,"-1",NA,392.07,4.13,NA,NA,NA,""
"16","L","Paul Lake",2008,183,2008-07-01,"-1",NA,272.46,3.55,NA,NA,NA,""
"17","R","Peter Lake",2008,189,2008-07-07,"-1",NA,359.84,7.54,NA,NA,NA,""
"18","L","Paul Lake",2008,190,2008-07-08,"-1",NA,328.37,10.34,NA,NA,NA,""
"19","R","Peter Lake",2008,196,2008-07-14,"-1",NA,317.39,4.05,NA,NA,NA,""
"20","L","Paul Lake",2008,197,2008-07-15,"-1",NA,312.1,4.49,NA,NA,NA,""
"21","R","Peter Lake",2008,203,2008-07-21,"-1",NA,437.84,3.48,NA,NA,NA,""
"22","L","Paul Lake",2008,204,2008-07-22,"-1",NA,295.32,3.17,NA,NA,NA,""
"23","R","Peter Lake",2008,210,2008-07-28,"-1",NA,348.96,5.48,NA,NA,NA,""
"24","L","Paul Lake",2008,211,2008-07-29,"-1",NA,263.99,4.02,NA,NA,NA,""
"25","R","Peter Lake",2008,217,2008-08-04,"-1",NA,322.11,4.43,NA,NA,NA,""
"26","L","Paul Lake",2008,218,2008-08-05,"-1",NA,355.4,3,NA,NA,NA,""
"27","R","Peter Lake",2008,224,2008-08-11,"-1",NA,319.4,4.76,NA,NA,NA,""
"28","L","Paul Lake",2008,225,2008-08-12,"-1",NA,323.88,4.39,NA,NA,NA,""
"29","R","Peter Lake",2008,231,2008-08-18,"-1",NA,242.11,4.65,NA,NA,NA,""
"30","L","Paul Lake",2008,232,2008-08-19,"-1",NA,311.55,4.17,NA,NA,NA,""
"31","R","Peter Lake",2009,138,2009-05-18,"-1",NA,313.06,5.94,NA,NA,NA,""
"32","L","Paul Lake",2009,139,2009-05-19,"-1",NA,336.46,4.24,NA,NA,NA,""
"33","L","Paul Lake",2009,146,2009-05-26,"-1",NA,232.58,8.01,NA,NA,NA,""
"34","R","Peter Lake",2009,147,2009-05-27,"-1",NA,345.19,7.02,NA,NA,NA,""
"35","R","Peter Lake",2009,152,2009-06-01,"-1",NA,377.71,5.13,NA,NA,NA,""
"36","L","Paul Lake",2009,153,2009-06-02,"-1",NA,222.91,3.79,NA,NA,NA,""
"37","R","Peter Lake",2009,159,2009-06-08,"-1",NA,321.09,1.08,NA,NA,NA,""
"38","L","Paul Lake",2009,160,2009-06-09,"-1",NA,305.96,1.46,NA,NA,NA,""
"39","R","Peter Lake",2009,166,2009-06-15,"-1",NA,359.23,7.15,NA,NA,NA,""
"40","L","Paul Lake",2009,167,2009-06-16,"-1",NA,255.54,1.7,NA,NA,NA,""
"41","R","Peter Lake",2009,173,2009-06-22,"-1",NA,315.62,9.8,NA,NA,NA,""
"42","L","Paul Lake",2009,174,2009-06-23,"-1",NA,256.04,5.7,NA,NA,NA,""
"43","R","Peter Lake",2009,180,2009-06-29,"-1",NA,310.29,7.93,NA,NA,NA,""
"44","L","Paul Lake",2009,181,2009-06-30,"-1",NA,260.32,4.36,NA,NA,NA,""
"45","R","Peter Lake",2009,187,2009-07-06,"-1",NA,372.52,6.42,NA,NA,NA,""
"46","L","Paul Lake",2009,188,2009-07-07,"-1",NA,396.73,4.18,NA,NA,NA,""
"47","R","Peter Lake",2009,194,2009-07-13,"-1",NA,393.93,3.53,NA,NA,NA,""
"48","L","Paul Lake",2009,195,2009-07-14,"-1",NA,341.86,-0.64,NA,NA,NA,""
"49","R","Peter Lake",2009,201,2009-07-20,"-1",NA,343.45,3.38,NA,NA,NA,""
"50","L","Paul Lake",2009,202,2009-07-21,"-1",NA,246.45,6.02,NA,NA,NA,""
"51","R","Peter Lake",2009,208,2009-07-27,"-1",NA,374.4,9.83,NA,NA,NA,""
"52","L","Paul Lake",2009,210,2009-07-29,"-1",NA,338.89,2.07,NA,NA,NA,""
"53","R","Peter Lake",2009,215,2009-08-03,"-1",NA,442.43,4.04,NA,NA,NA,""
"54","L","Paul Lake",2009,216,2009-08-04,"-1",NA,327.01,-2.48,NA,NA,NA,""
"55","R","Peter Lake",2009,222,2009-08-10,"-1",NA,313.07,3.22,NA,NA,NA,""
"56","L","Paul Lake",2009,224,2009-08-12,"-1",NA,297.19,6.81,NA,NA,NA,""
"57","R","Peter Lake",2009,229,2009-08-17,"-1",NA,406.75,6.64,NA,NA,NA,""
"58","L","Paul Lake",2009,230,2009-08-18,"-1",NA,422.58,5.81,NA,NA,NA,""
"59","T","Tuesday Lake",2009,234,2009-08-22,"-1",NA,292.9,12.58,NA,NA,NA,""
"60","R","Peter Lake",2009,236,2009-08-24,"-1",NA,309.15,2.86,NA,NA,NA,""
"61","L","Paul Lake",2009,238,2009-08-26,"-1",NA,298.9,3.75,NA,NA,NA,""
"62","R","Peter Lake",2010,137,2010-05-17,"-1",NA,347.8591777,2.686319684,NA,NA,NA,""
"63","L","Paul Lake",2010,138,2010-05-18,"-1",NA,237.7062305,2.306646779,NA,NA,NA,""
"64","R","Peter Lake",2010,144,2010-05-24,"-1",NA,294.738723,1.37110295,NA,NA,NA,""
"65","L","Paul Lake",2010,145,2010-05-25,"-1",NA,236.1876811,2.721208496,NA,NA,NA,""
"66","R","Peter Lake",2010,151,2010-05-31,"-1",NA,298.3440104,5.448893008,NA,NA,NA,""
"67","L","Paul Lake",2010,152,2010-06-01,"-1",NA,241.0529217,5.889695922,NA,NA,NA,""
"68","R","Peter Lake",2010,158,2010-06-07,"-1",NA,400.0112128,4.563553906,NA,NA,NA,""
"69","L","Paul Lake",2010,159,2010-06-08,"-1",NA,323.1436169,7.856184383,NA,NA,NA,""
"70","R","Peter Lake",2010,165,2010-06-14,"-1",NA,323.3128762,5.991601597,NA,NA,NA,""
"71","L","Paul Lake",2010,166,2010-06-15,"-1",NA,205.3174285,3.25480355,NA,NA,NA,""
"72","R","Peter Lake",2010,172,2010-06-21,"-1",NA,293.710371,4.925928029,NA,NA,NA,""
"73","L","Paul Lake",2010,173,2010-06-22,"-1",NA,206.598064,2.546341508,NA,NA,NA,""
"74","R","Peter Lake",2010,179,2010-06-28,"-1",NA,329.8341786,9.352550682,NA,NA,NA,""
"75","L","Paul Lake",2010,180,2010-06-29,"-1",NA,225.8827528,6.984291828,NA,NA,NA,""
"76","R","Peter Lake",2010,186,2010-07-05,"-1",NA,324.4211963,3.426208231,NA,NA,NA,""
"77","L","Paul Lake",2010,187,2010-07-06,"-1",NA,198.4707468,3.795450862,NA,NA,NA,""
"78","R","Peter Lake",2010,193,2010-07-12,"-1",NA,261.4815218,3.180687518,NA,NA,NA,""
"79","L","Paul Lake",2010,194,2010-07-13,"-1",NA,223.0234215,3.310104125,NA,NA,NA,""
"80","R","Peter Lake",2010,200,2010-07-19,"-1",NA,284.8321681,6.160320331,NA,NA,NA,""
"81","L","Paul Lake",2010,201,2010-07-20,"-1",NA,197.6089409,4.490349342,NA,NA,NA,""
"82","R","Peter Lake",2010,207,2010-07-26,"-1",NA,269.9517164,5.358816978,NA,NA,NA,""
"83","L","Paul Lake",2010,208,2010-07-27,"-1",NA,188.0149448,2.867091611,NA,NA,NA,""
"84","R","Peter Lake",2010,214,2010-08-02,"-1",NA,295.7335851,2.401411131,NA,NA,NA,""
"85","L","Paul Lake",2010,215,2010-08-03,"-1",NA,229.323179,3.846485217,NA,NA,NA,""
"86","R","Peter Lake",2010,221,2010-08-09,"-1",NA,233.9212514,5.097733,NA,NA,NA,""
"87","L","Paul Lake",2010,222,2010-08-10,"-1",NA,204.0514703,3.42076691,NA,NA,NA,""
"88","R","Peter Lake",2010,228,2010-08-16,"-1",NA,280.807653,3.705775639,NA,NA,NA,""
"89","L","Paul Lake",2010,229,2010-08-17,"-1",NA,219.8302562,1.846923037,NA,NA,NA,""
"90","R","Peter Lake",2010,235,2010-08-23,"-1",NA,285.7660514,1.805716007,NA,NA,NA,""
"91","L","Paul Lake",2010,236,2010-08-24,"-1",NA,217.6875225,2.613104325,NA,NA,NA,""
"92","R","Peter Lake",2011,136,2011-05-16,"-1",NA,445.7459784,32.57295671,NA,NA,NA,""
"93","L","Paul Lake",2011,137,2011-05-17,"-1",NA,287.4225875,4.795147168,NA,NA,NA,""
"94","R","Peter Lake",2011,143,2011-05-23,"-1",NA,286.1566727,13.40075066,NA,NA,NA,""
"95","L","Paul Lake",2011,144,2011-05-24,"-1",NA,211.0994894,6.284476513,NA,NA,NA,""
"96","R","Peter Lake",2011,150,2011-05-30,"-1",NA,254.3040975,5.083113117,NA,NA,NA,""
"97","L","Paul Lake",2011,151,2011-05-31,"-1",NA,231.2469287,2.238751416,NA,NA,NA,""
"98","R","Peter Lake",2011,157,2011-06-06,"-1",NA,498.6945315,3.109579054,NA,NA,NA,""
"99","L","Paul Lake",2011,158,2011-06-07,"-1",NA,455.7364396,3.460893559,NA,NA,NA,""
"100","R","Peter Lake",2011,164,2011-06-13,"-1",NA,387.4699752,8.820467324,NA,NA,NA,""
"101","L","Paul Lake",2011,165,2011-06-14,"-1",NA,528.9521884,5.189469863,NA,NA,NA,""
"102","R","Peter Lake",2011,171,2011-06-20,"-1",NA,538.1025414,6.209417377,NA,NA,NA,""
"103","L","Paul Lake",2011,173,2011-06-22,"-1",NA,740.2776538,7.047533308,NA,NA,NA,""
"104","R","Peter Lake",2011,178,2011-06-27,"-1",NA,405.0873406,10.06365563,NA,NA,NA,""
"105","L","Paul Lake",2011,179,2011-06-28,"-1",NA,558.1678447,10.71305892,NA,NA,NA,""
"106","R","Peter Lake",2011,185,2011-07-04,"-1",NA,596.1058714,7.059185217,NA,NA,NA,""
"107","L","Paul Lake",2011,186,2011-07-05,"-1",NA,567.1134802,4.595817727,NA,NA,NA,""
"108","R","Peter Lake",2011,192,2011-07-11,"-1",NA,355.3618025,6.134729587,NA,NA,NA,""
"109","L","Paul Lake",2011,193,2011-07-12,"-1",NA,268.2124466,7.831485001,NA,NA,NA,""
"110","R","Peter Lake",2011,199,2011-07-18,"-1",NA,354.2733759,-1.351206138,NA,NA,NA,""
"111","L","Paul Lake",2011,200,2011-07-19,"-1",NA,305.1316439,5.220437919,NA,NA,NA,""
"112","R","Peter Lake",2011,206,2011-07-25,"-1",NA,292.4525381,4.990912034,NA,NA,NA,""
"113","L","Paul Lake",2011,207,2011-07-26,"-1",NA,343.8330724,7.181632156,NA,NA,NA,""
"114","R","Peter Lake",2011,213,2011-08-01,"-1",NA,267.0150712,5.907102086,NA,NA,NA,""
"115","L","Paul Lake",2011,215,2011-08-03,"-1",NA,458.9749732,7.478764988,NA,NA,NA,""
"116","R","Peter Lake",2011,221,2011-08-09,"-1",NA,385.055523,10.88024096,NA,NA,NA,""
"117","L","Paul Lake",2011,222,2011-08-10,"-1",NA,290.0007367,3.877446354,NA,NA,NA,""
"118","R","Peter Lake",2011,227,2011-08-15,"-1",NA,366.3374603,0.876711051,NA,NA,NA,""
"119","L","Paul Lake",2011,228,2011-08-16,"-1",NA,312.781769,6.27334159,NA,NA,NA,""
"120","R","Peter Lake",2011,234,2011-08-22,"-1",NA,363.0710001,1.187144456,NA,NA,NA,""
"121","L","Paul Lake",2011,235,2011-08-23,"-1",NA,284.9642746,5.142445477,NA,NA,NA,""
"122","R","Peter Lake",2011,241,2011-08-29,"-1",NA,313.2026563,0.051223328,NA,NA,NA,""
"123","L","Paul Lake",2011,242,2011-08-30,"-1",NA,305.918783,3.473332981,NA,NA,NA,""
"124","R","Peter Lake",2012,142,2012-05-21,"-1",NA,413.7087132,8.467201326,NA,NA,NA,""
"125","L","Paul Lake",2012,143,2012-05-22,"-1",NA,351.6941554,26.58926799,NA,NA,NA,""
"126","T","Tuesday Lake",2012,144,2012-05-23,"-1",NA,539.5757855,1.864163196,NA,NA,NA,""
"127","R","Peter Lake",2012,149,2012-05-28,"-1",NA,523.9465847,11.30293561,NA,NA,NA,""
"128","L","Paul Lake",2012,150,2012-05-29,"-1",NA,320.3229164,9.933879163,NA,NA,NA,""
"129","T","Tuesday Lake",2012,151,2012-05-30,"-1",NA,479.8242626,2.731922544,NA,NA,NA,""
"130","R","Peter Lake",2012,156,2012-06-04,"-1",NA,358.7668984,7.216048478,NA,NA,NA,""
"131","L","Paul Lake",2012,157,2012-06-05,"-1",NA,410.388399,18.64111032,NA,NA,NA,""
"132","T","Tuesday Lake",2012,158,2012-06-06,"-1",NA,605.7350828,27.33329191,NA,NA,NA,""
"133","R","Peter Lake",2012,163,2012-06-11,"-1",NA,621.3296671,9.118681365,NA,NA,NA,""
"134","L","Paul Lake",2012,164,2012-06-12,"-1",NA,469.9610128,14.5599846,NA,NA,NA,""
"135","T","Tuesday Lake",2012,165,2012-06-13,"-1",NA,629.9046677,7.370550575,NA,NA,NA,""
"136","R","Peter Lake",2012,170,2012-06-18,"-1",NA,483.4284025,10.60931064,NA,NA,NA,""
"137","L","Paul Lake",2012,171,2012-06-19,"-1",NA,359.5324848,12.28541487,NA,NA,NA,""
"138","T","Tuesday Lake",2012,172,2012-06-20,"-1",NA,460.1143055,-0.778322512,NA,NA,NA,""
"139","R","Peter Lake",2012,177,2012-06-25,"-1",NA,345.3525988,11.50238983,NA,NA,NA,""
"140","L","Paul Lake",2012,178,2012-06-26,"-1",NA,451.4461465,21.01359504,NA,NA,NA,""
"141","T","Tuesday Lake",2012,179,2012-06-27,"-1",NA,555.4856254,5.836084424,NA,NA,NA,""
"142","R","Peter Lake",2012,184,2012-07-02,"-1",NA,465.4211967,7.745677083,NA,NA,NA,""
"143","L","Paul Lake",2012,185,2012-07-03,"-1",NA,371.492622,20.97426009,NA,NA,NA,""
"144","T","Tuesday Lake",2012,186,2012-07-04,"-1",NA,469.6288557,8.259798877,NA,NA,NA,""
"145","R","Peter Lake",2012,191,2012-07-09,"-1",NA,406.2592616,10.48402399,NA,NA,NA,""
"146","L","Paul Lake",2012,192,2012-07-10,"-1",NA,643.0339398,17.49166406,NA,NA,NA,""
"147","T","Tuesday Lake",2012,193,2012-07-11,"-1",NA,500.2118057,13.14455072,NA,NA,NA,""
"148","R","Peter Lake",2012,198,2012-07-16,"-1",NA,471.962677,7.284703436,NA,NA,NA,""
"149","L","Paul Lake",2012,199,2012-07-17,"-1",NA,547.1792208,16.1361021,NA,NA,NA,""
"150","T","Tuesday Lake",2012,200,2012-07-18,"-1",NA,577.3324905,0.816529408,NA,NA,NA,""
"151","R","Peter Lake",2012,205,2012-07-23,"-1",NA,531.7860418,3.859299293,NA,NA,NA,""
"152","L","Paul Lake",2012,206,2012-07-24,"-1",NA,409.0429632,-4.178653339,NA,NA,NA,""
"153","T","Tuesday Lake",2012,207,2012-07-25,"-1",NA,510.4954795,7.453790413,NA,NA,NA,""
"154","R","Peter Lake",2012,212,2012-07-30,"-1",NA,469.1312062,12.60038914,NA,NA,NA,""
"155","L","Paul Lake",2012,213,2012-07-31,"-1",NA,465.6197289,16.2510778,NA,NA,NA,""
"156","T","Tuesday Lake",2012,214,2012-08-01,"-1",NA,539.2174214,7.450114027,NA,NA,NA,""
"157","R","Peter Lake",2012,219,2012-08-06,"-1",NA,534.3098169,2.713842799,NA,NA,NA,""
"158","L","Paul Lake",2012,220,2012-08-07,"-1",NA,371.1135564,21.94523498,NA,NA,NA,""
"159","T","Tuesday Lake",2012,221,2012-08-08,"-1",NA,NA,NA,NA,NA,NA,"sample missing"
"160","R","Peter Lake",2012,226,2012-08-13,"-1",NA,508.3790276,19.78698661,NA,NA,NA,""
"161","L","Paul Lake",2012,227,2012-08-14,"-1",NA,360.7994289,0.805425935,NA,NA,NA,""
"162","T","Tuesday Lake",2012,228,2012-08-15,"-1",NA,468.6770341,10.3556815,NA,NA,NA,""
"163","R","Peter Lake",2012,233,2012-08-20,"-1",NA,480.0873927,6.405803215,NA,NA,NA,""
"164","L","Paul Lake",2012,234,2012-08-21,"-1",NA,370.4889654,16.06906778,NA,NA,NA,""
"165","T","Tuesday Lake",2012,235,2012-08-22,"-1",NA,468.339329,92.72843593,NA,NA,NA,"TP value suspect, far too high"
"166","L","Paul Lake",2012,240,2012-08-27,"-1",NA,514.5757232,1.55101708,NA,NA,NA,""
"167","R","Peter Lake",2012,240,2012-08-27,"-1",NA,355.8704501,10.15348429,NA,NA,NA,""
"168","T","Tuesday Lake",2012,241,2012-08-28,"-1",NA,578.9998737,16.92628954,NA,NA,NA,""
"169","R","Peter Lake",2013,140,2013-05-20,"-1",NA,NA,NA,98.02103296,1.291053216,3.145639051,""
"170","R","Peter Lake",2013,140,2013-05-20,"-2",4,NA,NA,112.7714062,1.356429922,4.589661885,""
"171","R","Peter Lake",2013,140,2013-05-20,"7",12,NA,NA,738.3518774,3.579194717,6.953871049,""
"172","L","Paul Lake",2013,141,2013-05-21,"-1",NA,NA,NA,89.71361794,10.24496308,3.25190402,""
"173","L","Paul Lake",2013,141,2013-05-21,"-2",4,NA,NA,78.47115004,2.079438282,3.449531891,""
"174","L","Paul Lake",2013,141,2013-05-21,"7",9,NA,NA,852.0376175,4.305231409,22.29381664,""
"175","T","Tuesday Lake",2013,142,2013-05-22,"-1",NA,NA,NA,90.72783876,1.069816521,3.127230384,""
"176","T","Tuesday Lake",2013,142,2013-05-22,"-2",3,NA,NA,108.8983468,43.29215811,3.979511977,""
"177","T","Tuesday Lake",2013,142,2013-05-22,"7",10,NA,NA,325.842091,4.250977535,1.458956182,""
"178","L","Paul Lake",2013,147,2013-05-27,"1",0.5,285.53781,10.87047,NA,NA,NA,""
"179","R","Peter Lake",2013,147,2013-05-27,"-1",NA,NA,NA,44.21115325,0.527777274,0.73979892,""
"180","R","Peter Lake",2013,147,2013-05-27,"-2",4,NA,NA,23.03676296,0.241207798,2.62419137,""
"181","R","Peter Lake",2013,147,2013-05-27,"1",0.5,360.04299,10.46786,NA,NA,NA,""
"182","R","Peter Lake",2013,147,2013-05-27,"7",12,NA,NA,621.9543717,1.704934701,7.021696186,""
"183","T","Tuesday Lake",2013,147,2013-05-27,"1",0.5,484.0455,14.95851,NA,NA,NA,""
"184","L","Paul Lake",2013,148,2013-05-28,"-1",NA,NA,NA,41.0740026,1.856236433,1.079537169,""
"185","L","Paul Lake",2013,148,2013-05-28,"-2",4,NA,NA,22.44185527,0.452991595,0.968681548,""
"186","L","Paul Lake",2013,148,2013-05-28,"1",0.5,268.30551,2.10596,NA,NA,NA,""
"187","L","Paul Lake",2013,148,2013-05-28,"7",9,NA,NA,824.3473468,4.960482358,5.965685943,""
"188","R","Peter Lake",2013,148,2013-05-28,"1",0.5,368.44899,3.49961,NA,NA,NA,""
"189","T","Tuesday Lake",2013,148,2013-05-28,"1",0.5,342.97881,9.87943,NA,NA,NA,""
"190","L","Paul Lake",2013,149,2013-05-29,"1",0.5,260.55798,8.57869,NA,NA,NA,""
"191","R","Peter Lake",2013,149,2013-05-29,"1",0.5,352.61769,4.14998,NA,NA,NA,""
"192","T","Tuesday Lake",2013,149,2013-05-29,"-1",NA,NA,NA,75.98395086,0.876232273,1.465113147,""
"193","T","Tuesday Lake",2013,149,2013-05-29,"-2",3,NA,NA,57.42412472,11.20306885,1.074109327,""
"194","T","Tuesday Lake",2013,149,2013-05-29,"1",0.5,435.61293,13.3171,NA,NA,NA,""
"195","T","Tuesday Lake",2013,149,2013-05-29,"7",10,NA,NA,290.5456442,5.003427628,1.234361098,""
"196","L","Paul Lake",2013,150,2013-05-30,"1",0.5,249.27993,2.60148,NA,NA,NA,""
"197","R","Peter Lake",2013,150,2013-05-30,"1",0.5,371.53119,2.91118,NA,NA,NA,""
"198","T","Tuesday Lake",2013,150,2013-05-30,"1",0.5,372.1056,11.18017,NA,NA,NA,""
"199","L","Paul Lake",2013,151,2013-05-31,"1",0.5,286.56054,2.94215,NA,NA,NA,""
"200","R","Peter Lake",2013,151,2013-05-31,"1",0.5,373.29645,12.82158,NA,NA,NA,""
"201","T","Tuesday Lake",2013,151,2013-05-31,"1",0.5,390.69687,12.10927,NA,NA,NA,""
"202","L","Paul Lake",2013,152,2013-06-01,"1",0.5,257.89608,10.34398,NA,NA,NA,""
"203","R","Peter Lake",2013,152,2013-06-01,"1",0.5,370.73262,4.92423,NA,NA,NA,""
"204","T","Tuesday Lake",2013,152,2013-06-01,"1",0.5,440.53044,8.85742,NA,NA,NA,""
"205","L","Paul Lake",2013,153,2013-06-02,"1",0.5,202.89282,9.19809,NA,NA,NA,""
"206","R","Peter Lake",2013,153,2013-06-02,"1",0.5,282.09135,-0.15485,NA,NA,NA,""
"207","T","Tuesday Lake",2013,153,2013-06-02,"1",0.5,364.17594,11.27308,NA,NA,NA,""
"208","L","Paul Lake",2013,154,2013-06-03,"1",0.5,268.31952,4.36677,NA,NA,NA,""
"209","R","Peter Lake",2013,154,2013-06-03,"-1",NA,NA,NA,35.92826103,0.750680108,0.888115788,""
"210","R","Peter Lake",2013,154,2013-06-03,"-2",4,NA,NA,20.76989287,0.273784021,0.912048347,""
"211","R","Peter Lake",2013,154,2013-06-03,"1",0.5,288.47991,-3.097,NA,NA,NA,""
"212","R","Peter Lake",2013,154,2013-06-03,"7",12,NA,NA,707.7368887,0.629656744,18.51837573,""
"213","T","Tuesday Lake",2013,154,2013-06-03,"1",0.5,372.09159,15.485,NA,NA,NA,""
"214","L","Paul Lake",2013,155,2013-06-04,"-1",NA,NA,NA,49.71498238,0.749762431,0.940528195,""
"215","L","Paul Lake",2013,155,2013-06-04,"-2",4,NA,NA,22.19829446,0.40663362,1.442882968,""
"216","L","Paul Lake",2013,155,2013-06-04,"1",0.5,304.00299,8.14511,NA,NA,NA,""
"217","L","Paul Lake",2013,155,2013-06-04,"7",9,NA,NA,751.8310386,3.477590647,5.524906885,""
"218","R","Peter Lake",2013,155,2013-06-04,"1",0.5,275.24046,9.75555,NA,NA,NA,""
"219","T","Tuesday Lake",2013,155,2013-06-04,"1",0.5,342.78267,15.36112,NA,NA,NA,""
"220","L","Paul Lake",2013,156,2013-06-05,"1",0.5,227.42433,4.3358,NA,NA,NA,""
"221","R","Peter Lake",2013,156,2013-06-05,"1",0.5,324.54165,7.52571,NA,NA,NA,""
"222","T","Tuesday Lake",2013,156,2013-06-05,"-1",NA,NA,NA,46.88799072,1.549811885,1.399749619,""
"223","T","Tuesday Lake",2013,156,2013-06-05,"-2",3,NA,NA,55.37815128,18.79886044,0.812910162,""
"224","T","Tuesday Lake",2013,156,2013-06-05,"1",0.5,366.15135,10.99435,NA,NA,NA,""
"225","T","Tuesday Lake",2013,156,2013-06-05,"7",10,NA,NA,241.7473019,22.16085431,1.655689748,""
"226","L","Paul Lake",2013,157,2013-06-06,"1",0.5,278.70093,6.75146,NA,NA,NA,""
"227","R","Peter Lake",2013,157,2013-06-06,"1",0.5,275.77284,9.04324,NA,NA,NA,""
"228","T","Tuesday Lake",2013,157,2013-06-06,"1",0.5,448.55817,15.02045,NA,NA,NA,""
"229","L","Paul Lake",2013,158,2013-06-07,"1",0.5,210.75243,5.63654,NA,NA,NA,""
"230","R","Peter Lake",2013,158,2013-06-07,"1",0.5,273.50322,9.69361,NA,NA,NA,""
"231","T","Tuesday Lake",2013,158,2013-06-07,"1",0.5,375.17379,15.42306,NA,NA,NA,""
"232","L","Paul Lake",2013,159,2013-06-08,"1",0.5,246.53397,3.90222,NA,NA,NA,""
"233","R","Peter Lake",2013,159,2013-06-08,"1",0.5,291.71622,4.11901,NA,NA,NA,""
"234","T","Tuesday Lake",2013,159,2013-06-08,"1",0.5,385.61124,16.04246,NA,NA,NA,""
"235","L","Paul Lake",2013,160,2013-06-09,"1",0.5,279.48549,2.91118,NA,NA,NA,""
"236","R","Peter Lake",2013,160,2013-06-09,"1",0.5,311.80656,4.86229,NA,NA,NA,""
"237","T","Tuesday Lake",2013,160,2013-06-09,"1",0.5,528.63933,16.29022,NA,NA,NA,""
"238","L","Paul Lake",2013,161,2013-06-10,"1",0.5,304.98369,1.08395,NA,NA,NA,""
"239","R","Peter Lake",2013,161,2013-06-10,"-1",NA,NA,NA,8.652488549,-0.011655437,0.566221493,""
"240","R","Peter Lake",2013,161,2013-06-10,"-2",4,NA,NA,41.35275229,0.811183365,1.138699439,""
"241","R","Peter Lake",2013,161,2013-06-10,"1",0.5,351.02055,4.92423,NA,NA,NA,""
"242","R","Peter Lake",2013,161,2013-06-10,"7",12,NA,NA,642.1989998,2.264620456,5.791462899,""
"243","T","Tuesday Lake",2013,161,2013-06-10,"1",0.5,408.99393,18.17939,NA,NA,NA,""
"244","L","Paul Lake",2013,162,2013-06-11,"-1",NA,NA,NA,39.20876405,0.592654278,0.992740325,""
"245","L","Paul Lake",2013,162,2013-06-11,"-2",4,NA,NA,26.08786483,0.210888307,1.140741973,""
"246","L","Paul Lake",2013,162,2013-06-11,"1",0.5,284.403,0.49552,NA,NA,NA,""
"247","L","Paul Lake",2013,162,2013-06-11,"7",9,NA,NA,347.1895139,1.591715687,2.342469022,""
"248","R","Peter Lake",2013,162,2013-06-11,"1",0.5,323.85516,18.48909,NA,NA,NA,""
"249","T","Tuesday Lake",2013,162,2013-06-11,"1",0.5,359.6367,11.55181,NA,NA,NA,""
"250","L","Paul Lake",2013,163,2013-06-12,"1",0.5,193.94043,5.11005,NA,NA,NA,""
"251","R","Peter Lake",2013,163,2013-06-12,"1",0.5,305.92236,6.13206,NA,NA,NA,""
"252","T","Tuesday Lake",2013,163,2013-06-12,"-1",NA,NA,NA,55.62034181,0.620132538,0.863422266,""
"253","T","Tuesday Lake",2013,163,2013-06-12,"-2",3,NA,NA,41.85307527,0.361833246,1.214760096,""
"254","T","Tuesday Lake",2013,163,2013-06-12,"1",0.5,348.79296,17.21932,NA,NA,NA,""
"255","T","Tuesday Lake",2013,163,2013-06-12,"7",12,NA,NA,272.2171081,11.46073174,2.458141899,""
"256","L","Paul Lake",2013,164,2013-06-13,"1",0.5,285.01944,3.84028,NA,NA,NA,""
"257","R","Peter Lake",2013,164,2013-06-13,"1",0.5,355.54578,6.62758,NA,NA,NA,""
"258","T","Tuesday Lake",2013,164,2013-06-13,"1",0.5,363.82569,14.37008,NA,NA,NA,""
"259","L","Paul Lake",2013,165,2013-06-14,"1",0.5,255.22017,-0.80522,NA,NA,NA,""
"260","R","Peter Lake",2013,165,2013-06-14,"1",0.5,330.79011,7.18504,NA,NA,NA,""
"261","T","Tuesday Lake",2013,165,2013-06-14,"1",0.5,373.73076,11.79957,NA,NA,NA,""
"262","L","Paul Lake",2013,166,2013-06-15,"1",0.5,223.61361,-1.57947,NA,NA,NA,""
"263","R","Peter Lake",2013,166,2013-06-15,"1",0.5,324.93393,6.22497,NA,NA,NA,""
"264","T","Tuesday Lake",2013,166,2013-06-15,"1",0.5,348.68088,12.82158,NA,NA,NA,""
"265","L","Paul Lake",2013,167,2013-06-16,"1",0.5,337.69704,4.73841,NA,NA,NA,""
"266","R","Peter Lake",2013,167,2013-06-16,"1",0.5,342.29232,3.18991,NA,NA,NA,""
"267","T","Tuesday Lake",2013,167,2013-06-16,"1",0.5,506.26536,17.52902,NA,NA,NA,""
"268","L","Paul Lake",2013,168,2013-06-17,"1",0.5,262.89765,1.36268,NA,NA,NA,""
"269","R","Peter Lake",2013,168,2013-06-17,"-1",NA,NA,NA,73.52148578,3.280815968,0.739944869,""
"270","R","Peter Lake",2013,168,2013-06-17,"-2",4,NA,NA,44.67702858,0.362825271,1.052830352,""
"271","R","Peter Lake",2013,168,2013-06-17,"1",0.5,373.99695,2.13693,NA,NA,NA,""
"272","R","Peter Lake",2013,168,2013-06-17,"7",12,NA,NA,663.7216337,2.27605054,14.30818982,""
"273","T","Tuesday Lake",2013,168,2013-06-17,"1",0.5,513.92883,23.44429,NA,NA,NA,""
"274","L","Paul Lake",2013,169,2013-06-18,"-1",NA,NA,NA,39.94621432,0.618093596,15.18801616,""
"275","L","Paul Lake",2013,169,2013-06-18,"-2",4,NA,NA,30.70810834,0.298833897,1.156002498,""
"276","L","Paul Lake",2013,169,2013-06-18,"1",0.5,293.76168,1.26977,NA,NA,NA,""
"277","L","Paul Lake",2013,169,2013-06-18,"7",9,NA,NA,682.6035878,3.290562264,2.861779793,""
"278","R","Peter Lake",2013,169,2013-06-18,"1",0.5,336.64629,3.4067,NA,NA,NA,""
"279","T","Tuesday Lake",2013,169,2013-06-18,"1",0.5,488.82291,13.96747,NA,NA,NA,""
"280","L","Paul Lake",2013,170,2013-06-19,"1",0.5,255.65448,1.95111,NA,NA,NA,""
"281","R","Peter Lake",2013,170,2013-06-19,"1",0.5,324.52764,2.19887,NA,NA,NA,""
"282","T","Tuesday Lake",2013,170,2013-06-19,"-1",NA,NA,NA,48.76430028,0.305416822,1.556700052,""
"283","T","Tuesday Lake",2013,170,2013-06-19,"-2",3,NA,NA,50.6824998,0.408418494,1.006125481,""
"284","T","Tuesday Lake",2013,170,2013-06-19,"1",0.5,471.42249,14.21523,NA,NA,NA,""
"285","T","Tuesday Lake",2013,170,2013-06-19,"7",10,NA,NA,307.3286084,1.273825969,1.315789043,""
"286","L","Paul Lake",2013,171,2013-06-20,"1",0.5,265.95183,0.71231,NA,NA,NA,""
"287","R","Peter Lake",2013,171,2013-06-20,"1",0.5,392.47614,2.7873,NA,NA,NA,""
"288","T","Tuesday Lake",2013,171,2013-06-20,"1",0.5,539.34297,24.65212,NA,NA,NA,""
"289","L","Paul Lake",2013,172,2013-06-21,"1",0.5,302.4759,5.5746,NA,NA,NA,""
"290","R","Peter Lake",2013,172,2013-06-21,"1",0.5,335.86173,2.01305,NA,NA,NA,""
"291","T","Tuesday Lake",2013,172,2013-06-21,"1",0.5,542.39715,17.99357,NA,NA,NA,""
"292","L","Paul Lake",2013,173,2013-06-22,"1",0.5,325.98468,2.01305,NA,NA,NA,""
"293","R","Peter Lake",2013,173,2013-06-22,"1",0.5,342.60054,2.4776,NA,NA,NA,""
"294","T","Tuesday Lake",2013,173,2013-06-22,"1",0.5,487.57602,15.20627,NA,NA,NA,""
"295","L","Paul Lake",2013,174,2013-06-23,"1",0.5,281.85318,10.74659,NA,NA,NA,""
"296","R","Peter Lake",2013,174,2013-06-23,"1",0.5,372.17565,1.51753,NA,NA,NA,""
"297","T","Tuesday Lake",2013,174,2013-06-23,"1",0.5,503.9397,23.19653,NA,NA,NA,""
"298","L","Paul Lake",2013,175,2013-06-24,"1",0.5,298.31493,1.76529,NA,NA,NA,""
"299","R","Peter Lake",2013,175,2013-06-24,"-1",NA,NA,NA,45.48910635,12.70180455,83.29358757,""
"300","R","Peter Lake",2013,175,2013-06-24,"-2",4,NA,NA,45.41017499,2.335805573,2.836274758,""
"301","R","Peter Lake",2013,175,2013-06-24,"1",0.5,416.02695,2.19887,NA,NA,NA,""
"302","R","Peter Lake",2013,175,2013-06-24,"7",12,NA,NA,-5.246020997,235.2971396,2.178247685,""
"303","T","Tuesday Lake",2013,175,2013-06-24,"1",0.5,552.72252,24.55921,NA,NA,NA,""
"304","L","Paul Lake",2013,176,2013-06-25,"-1",NA,NA,NA,33.49684166,4.231883392,0.621223027,""
"305","L","Paul Lake",2013,176,2013-06-25,"-2",4,NA,NA,28.87321178,0.804889427,0.808371918,""
"306","L","Paul Lake",2013,176,2013-06-25,"1",0.5,283.45032,0.96007,NA,NA,NA,""
"307","L","Paul Lake",2013,176,2013-06-25,"7",9,NA,NA,670.0850003,3.332664023,4.78332338,""
"308","R","Peter Lake",2013,176,2013-06-25,"1",0.5,339.44829,0.80522,NA,NA,NA,""
"309","T","Tuesday Lake",2013,176,2013-06-25,"1",0.5,503.25321,18.73685,NA,NA,NA,""
"310","L","Paul Lake",2013,177,2013-06-26,"1",0.5,276.26319,0.27873,NA,NA,NA,""
"311","R","Peter Lake",2013,177,2013-06-26,"1",0.5,330.17367,1.05298,NA,NA,NA,""
"312","T","Tuesday Lake",2013,177,2013-06-26,"-1",NA,NA,NA,30.39202474,-0.12021473,1.041229161,""
"313","T","Tuesday Lake",2013,177,2013-06-26,"-2",3,NA,NA,24.74933792,2.955740224,1.237209755,""
"314","T","Tuesday Lake",2013,177,2013-06-26,"1",0.5,468.42435,14.5559,NA,NA,NA,""
"315","T","Tuesday Lake",2013,177,2013-06-26,"7",10,NA,NA,238.3880803,3.063406464,1.158223223,""
"316","L","Paul Lake",2013,178,2013-06-27,"1",0.5,302.93823,1.88917,NA,NA,NA,""
"317","R","Peter Lake",2013,178,2013-06-27,"1",0.5,333.52206,5.01714,NA,NA,NA,""
"318","T","Tuesday Lake",2013,178,2013-06-27,"1",0.5,529.62003,23.38235,NA,NA,NA,""
"319","L","Paul Lake",2013,179,2013-06-28,"1",0.5,394.92789,2.91118,NA,NA,NA,""
"320","R","Peter Lake",2013,179,2013-06-28,"1",0.5,435.52887,2.29178,NA,NA,NA,""
"321","T","Tuesday Lake",2013,179,2013-06-28,"1",0.5,555.97284,21.43124,NA,NA,NA,""
"322","L","Paul Lake",2013,180,2013-06-29,"1",0.5,271.06548,1.30074,NA,NA,NA,""
"323","R","Peter Lake",2013,180,2013-06-29,"1",0.5,348.5688,1.70335,NA,NA,NA,""
"324","T","Tuesday Lake",2013,180,2013-06-29,"1",0.5,465.06195,17.31223,NA,NA,NA,""
"325","L","Paul Lake",2013,181,2013-06-30,"1",0.5,269.94468,1.48656,NA,NA,NA,""
"326","R","Peter Lake",2013,181,2013-06-30,"1",0.5,348.1485,0.74328,NA,NA,NA,""
"327","T","Tuesday Lake",2013,181,2013-06-30,"1",0.5,462.11985,16.63089,NA,NA,NA,""
"328","L","Paul Lake",2013,182,2013-07-01,"1",0.5,253.67907,-0.18582,NA,NA,NA,""
"329","R","Peter Lake",2013,182,2013-07-01,"-1",NA,NA,NA,36.72008666,8.225711529,0.83278522,""
"330","R","Peter Lake",2013,182,2013-07-01,"-2",4,NA,NA,55.13838716,0.610336014,0.750282764,""
"331","R","Peter Lake",2013,182,2013-07-01,"1",0.5,353.78052,2.97312,NA,NA,NA,""
"332","R","Peter Lake",2013,182,2013-07-01,"7",12,NA,NA,796.127146,2.698662513,31.35974832,""
"333","T","Tuesday Lake",2013,182,2013-07-01,"1",0.5,482.68653,19.26334,NA,NA,NA,""
"334","L","Paul Lake",2013,183,2013-07-02,"-1",NA,NA,NA,58.67547763,6.357345238,1.119488087,""
"335","L","Paul Lake",2013,183,2013-07-02,"-2",4,NA,NA,35.23167071,0.878798553,0.806719839,""
"336","L","Paul Lake",2013,183,2013-07-02,"1",0.5,291.60414,-0.18582,NA,NA,NA,""
"337","L","Paul Lake",2013,183,2013-07-02,"7",9,NA,NA,380.7245856,3.998473278,1.200451828,""
"338","R","Peter Lake",2013,183,2013-07-02,"1",0.5,361.99038,1.5485,NA,NA,NA,""
"339","T","Tuesday Lake",2013,183,2013-07-02,"1",0.5,476.22792,20.99766,NA,NA,NA,""
"340","L","Paul Lake",2013,184,2013-07-03,"1",0.5,251.87178,-0.9291,NA,NA,NA,""
"341","R","Peter Lake",2013,184,2013-07-03,"1",0.5,452.01864,9.75555,NA,NA,NA,""
"342","T","Tuesday Lake",2013,184,2013-07-03,"-1",NA,NA,NA,52.65828771,5.395491661,1.462342451,""
"343","T","Tuesday Lake",2013,184,2013-07-03,"-2",3,NA,NA,40.87536406,15.29959812,1.312998276,""
"344","T","Tuesday Lake",2013,184,2013-07-03,"1",0.5,465.51027,21.86482,NA,NA,NA,""
"345","T","Tuesday Lake",2013,184,2013-07-03,"7",10,NA,NA,261.540673,24.482296,1.024416014,""
"346","L","Paul Lake",2013,185,2013-07-04,"1",0.5,267.78714,-0.74328,NA,NA,NA,""
"347","R","Peter Lake",2013,185,2013-07-04,"1",0.5,328.36638,1.76529,NA,NA,NA,""
"348","T","Tuesday Lake",2013,185,2013-07-04,"1",0.5,473.18775,17.37417,NA,NA,NA,""
"349","L","Paul Lake",2013,186,2013-07-05,"1",0.5,350.46015,0.89813,NA,NA,NA,""
"350","R","Peter Lake",2013,186,2013-07-05,"1",0.5,351.80511,2.69439,NA,NA,NA,""
"351","T","Tuesday Lake",2013,186,2013-07-05,"1",0.5,484.94214,18.2723,NA,NA,NA,""
"352","L","Paul Lake",2013,187,2013-07-06,"1",0.5,286.75668,-0.43358,NA,NA,NA,""
"353","R","Peter Lake",2013,187,2013-07-06,"1",0.5,330.15966,2.41566,NA,NA,NA,""
"354","T","Tuesday Lake",2013,187,2013-07-06,"1",0.5,448.89441,14.89657,NA,NA,NA,""
"355","L","Paul Lake",2013,188,2013-07-07,"1",0.5,338.60769,4.61453,NA,NA,NA,""
"356","R","Peter Lake",2013,188,2013-07-07,"1",0.5,431.52201,3.00409,NA,NA,NA,""
"357","T","Tuesday Lake",2013,188,2013-07-07,"1",0.5,537.08736,22.70101,NA,NA,NA,""
"358","L","Paul Lake",2013,189,2013-07-08,"1",0.5,290.24517,0.40261,NA,NA,NA,""
"359","R","Peter Lake",2013,189,2013-07-08,"-1",NA,NA,NA,46.94864446,10.29940586,0.581983731,""
"360","R","Peter Lake",2013,189,2013-07-08,"-2",4,NA,NA,31.94513644,0.610273082,1.15963764,""
"361","R","Peter Lake",2013,189,2013-07-08,"1",0.5,346.48131,3.15894,NA,NA,NA,""
"362","R","Peter Lake",2013,189,2013-07-08,"7",12,NA,NA,818.3600879,4.632622278,31.80468458,""
"363","T","Tuesday Lake",2013,189,2013-07-08,"1",0.5,465.07596,16.69283,NA,NA,NA,""
"364","L","Paul Lake",2013,190,2013-07-09,"-1",NA,NA,NA,44.76744109,7.243586433,1.105417667,""
"365","L","Paul Lake",2013,190,2013-07-09,"-2",4,NA,NA,33.36798414,1.317389145,0.784499572,""
"366","L","Paul Lake",2013,190,2013-07-09,"1",0.5,280.14396,14.43202,NA,NA,NA,""
"367","L","Paul Lake",2013,190,2013-07-09,"7",9,NA,NA,794.8148629,4.532352753,7.761908606,""
"368","R","Peter Lake",2013,190,2013-07-09,"1",0.5,352.29546,2.1679,NA,NA,NA,""
"369","T","Tuesday Lake",2013,190,2013-07-09,"1",0.5,503.02905,20.22341,NA,NA,NA,""
"370","L","Paul Lake",2013,191,2013-07-10,"1",0.5,269.11809,8.9813,NA,NA,NA,""
"371","R","Peter Lake",2013,191,2013-07-10,"1",0.5,350.90847,2.7873,NA,NA,NA,""
"372","T","Tuesday Lake",2013,191,2013-07-10,"-1",NA,NA,NA,53.23092018,1.202145841,1.523986866,""
"373","T","Tuesday Lake",2013,191,2013-07-10,"-2",3,NA,NA,34.93632169,0.304666007,1.230395124,""
"374","T","Tuesday Lake",2013,191,2013-07-10,"1",0.5,481.60776,20.93572,NA,NA,NA,""
"375","T","Tuesday Lake",2013,191,2013-07-10,"7",10,NA,NA,227.4510577,1.390987252,1.370067525,""
"376","L","Paul Lake",2013,192,2013-07-11,"1",0.5,310.22343,9.04324,NA,NA,NA,""
"377","R","Peter Lake",2013,192,2013-07-11,"1",0.5,325.3122,7.03019,NA,NA,NA,""
"378","T","Tuesday Lake",2013,192,2013-07-11,"1",0.5,421.9812,30.3506,NA,NA,NA,""
"379","L","Paul Lake",2013,193,2013-07-12,"1",0.5,333.50805,10.90144,NA,NA,NA,""
"380","R","Peter Lake",2013,193,2013-07-12,"1",0.5,324.68175,12.26412,NA,NA,NA,""
"381","T","Tuesday Lake",2013,193,2013-07-12,"1",0.5,501.99231,13.96747,NA,NA,NA,""
"382","L","Paul Lake",2013,194,2013-07-13,"1",0.5,281.25075,-1.82723,NA,NA,NA,""
"383","R","Peter Lake",2013,194,2013-07-13,"1",0.5,398.52846,19.2014,NA,NA,NA,""
"384","T","Tuesday Lake",2013,194,2013-07-13,"1",0.5,500.18502,14.46299,NA,NA,NA,""
"385","L","Paul Lake",2013,195,2013-07-14,"1",0.5,317.03229,8.88839,NA,NA,NA,""
"386","R","Peter Lake",2013,195,2013-07-14,"1",0.5,391.10316,15.05142,NA,NA,NA,""
"387","T","Tuesday Lake",2013,195,2013-07-14,"1",0.5,546.9504,20.25438,NA,NA,NA,""
"388","L","Paul Lake",2013,196,2013-07-15,"1",0.5,280.60629,6.56564,NA,NA,NA,""
"389","R","Peter Lake",2013,196,2013-07-15,"-1",NA,NA,NA,31.32242081,0.505595256,0.435879102,""
"390","R","Peter Lake",2013,196,2013-07-15,"-2",4,NA,NA,252.9570283,0.911984893,10.43050303,""
"391","R","Peter Lake",2013,196,2013-07-15,"1",0.5,405.26727,17.3432,NA,NA,NA,""
"392","R","Peter Lake",2013,196,2013-07-15,"7",12,NA,NA,743.8068887,3.157095333,30.46783425,""
"393","T","Tuesday Lake",2013,196,2013-07-15,"1",0.5,493.152,13.28613,NA,NA,NA,""
"394","L","Paul Lake",2013,197,2013-07-16,"-1",NA,NA,NA,31.53419112,1.126746767,0.823164305,""
"395","L","Paul Lake",2013,197,2013-07-16,"-2",4,NA,NA,28.06463577,-0.090603894,0.91471271,""
"396","L","Paul Lake",2013,197,2013-07-16,"1",0.5,280.59228,16.35216,NA,NA,NA,""
"397","L","Paul Lake",2013,197,2013-07-16,"7",9,NA,NA,782.3656974,5.491771406,2.037493463,""
"398","R","Peter Lake",2013,197,2013-07-16,"1",0.5,435.9912,18.82976,NA,NA,NA,""
"399","T","Tuesday Lake",2013,197,2013-07-16,"1",0.5,518.60817,33.26178,NA,NA,NA,""
"400","T","Tuesday Lake",2013,198,2013-07-17,"-1",NA,NA,NA,40.89267602,0.350082045,1.209318192,""
"401","T","Tuesday Lake",2013,198,2013-07-17,"-2",3,NA,NA,29.94555317,2.111195813,1.112354303,""
"402","T","Tuesday Lake",2013,198,2013-07-17,"7",10,NA,NA,275.0871173,0.950236014,1.166175644,""
"403","L","Paul Lake",2013,199,2013-07-18,"1",0.5,289.95096,-2.75633,NA,NA,NA,""
"404","R","Peter Lake",2013,199,2013-07-18,"1",0.5,320.88504,17.86969,NA,NA,NA,""
"405","T","Tuesday Lake",2013,199,2013-07-18,"1",0.5,546.13782,29.01889,NA,NA,NA,""
"406","L","Paul Lake",2013,200,2013-07-19,"1",0.5,349.56351,-1.08395,NA,NA,NA,""
"407","R","Peter Lake",2013,200,2013-07-19,"1",0.5,316.51392,9.69361,NA,NA,NA,""
"408","T","Tuesday Lake",2013,200,2013-07-19,"1",0.5,581.24688,28.1827,NA,NA,NA,""
"409","L","Paul Lake",2013,201,2013-07-20,"1",0.5,280.29807,2.60148,NA,NA,NA,""
"410","R","Peter Lake",2013,201,2013-07-20,"1",0.5,364.55421,19.38722,NA,NA,NA,""
"411","T","Tuesday Lake",2013,201,2013-07-20,"1",0.5,489.81762,14.83463,NA,NA,NA,""
"412","L","Paul Lake",2013,202,2013-07-21,"1",0.5,285.6639,9.38391,NA,NA,NA,""
"413","R","Peter Lake",2013,202,2013-07-21,"1",0.5,351.95922,16.07343,NA,NA,NA,""
"414","T","Tuesday Lake",2013,202,2013-07-21,"1",0.5,699.47727,17.12641,NA,NA,NA,""
"415","L","Paul Lake",2013,203,2013-07-22,"1",0.5,257.40573,10.93241,NA,NA,NA,""
"416","R","Peter Lake",2013,203,2013-07-22,"-1",NA,NA,NA,31.19629286,0.743640439,0.950720514,""
"417","R","Peter Lake",2013,203,2013-07-22,"-2",4,NA,NA,26.84257482,0.493444696,1.013300801,""
"418","R","Peter Lake",2013,203,2013-07-22,"1",0.5,380.72175,19.63498,NA,NA,NA,""
"419","R","Peter Lake",2013,203,2013-07-22,"7",12,NA,NA,660.8403832,2.961761354,27.91405423,""
"420","T","Tuesday Lake",2013,203,2013-07-22,"1",0.5,481.5237,17.12641,NA,NA,NA,""
"421","L","Paul Lake",2013,204,2013-07-23,"-1",NA,NA,NA,47.2991904,0.671117206,0.676470431,""
"422","L","Paul Lake",2013,204,2013-07-23,"-2",4,NA,NA,19.64637165,0.387179953,0.635369798,""
"423","L","Paul Lake",2013,204,2013-07-23,"1",0.5,291.53409,-4.05707,NA,NA,NA,""
"424","L","Paul Lake",2013,204,2013-07-23,"7",9,NA,NA,399.047729,4.289355109,1.170768495,""
"425","R","Peter Lake",2013,204,2013-07-23,"1",0.5,360.35121,15.08239,NA,NA,NA,""
"426","T","Tuesday Lake",2013,204,2013-07-23,"1",0.5,517.48737,20.09953,NA,NA,NA,""
"427","L","Paul Lake",2013,205,2013-07-24,"1",0.5,288.92823,9.07421,NA,NA,NA,""
"428","R","Peter Lake",2013,205,2013-07-24,"1",0.5,400.61595,6.78243,NA,NA,NA,""
"429","T","Tuesday Lake",2013,205,2013-07-24,"-1",NA,NA,NA,27.09864462,-0.148852899,1.318685957,""
"430","T","Tuesday Lake",2013,205,2013-07-24,"-2",3,NA,NA,24.92299629,0.271386802,1.064833211,""
"431","T","Tuesday Lake",2013,205,2013-07-24,"1",0.5,571.35582,19.85177,NA,NA,NA,""
"432","T","Tuesday Lake",2013,205,2013-07-24,"7",10,NA,NA,255.3555406,1.909507457,2.338232524,""
"433","L","Paul Lake",2013,206,2013-07-25,"1",0.5,278.25261,-4.52162,NA,NA,NA,""
"434","R","Peter Lake",2013,206,2013-07-25,"1",0.5,427.94946,23.38235,NA,NA,NA,""
"435","T","Tuesday Lake",2013,206,2013-07-25,"1",0.5,669.32775,47.84865,NA,NA,NA,""
"436","L","Paul Lake",2013,207,2013-07-26,"1",0.5,278.3787,-1.14589,NA,NA,NA,""
"437","R","Peter Lake",2013,207,2013-07-26,"1",0.5,475.55544,12.88352,NA,NA,NA,""
"438","T","Tuesday Lake",2013,207,2013-07-26,"1",0.5,544.27449,14.61784,NA,NA,NA,""
"439","L","Paul Lake",2013,208,2013-07-27,"1",0.5,298.04874,-0.09291,NA,NA,NA,""
"440","R","Peter Lake",2013,208,2013-07-27,"1",0.5,497.74728,29.48344,NA,NA,NA,""
"441","T","Tuesday Lake",2013,208,2013-07-27,"1",0.5,705.24939,20.81184,NA,NA,NA,""
"442","L","Paul Lake",2013,209,2013-07-28,"1",0.5,263.6682,1.36268,NA,NA,NA,""
"443","R","Peter Lake",2013,209,2013-07-28,"1",0.5,465.77646,31.43455,NA,NA,NA,""
"444","T","Tuesday Lake",2013,209,2013-07-28,"1",0.5,733.04523,19.94468,NA,NA,NA,""
"445","L","Paul Lake",2013,210,2013-07-29,"1",0.5,267.15669,10.37495,NA,NA,NA,""
"446","R","Peter Lake",2013,210,2013-07-29,"-1",NA,NA,NA,43.07052713,9.481400349,0.882907953,""
"447","R","Peter Lake",2013,210,2013-07-29,"-2",4,NA,NA,23.16795352,1.119673607,0.50722422,""
"448","R","Peter Lake",2013,210,2013-07-29,"1",0.5,424.85325,17.86969,NA,NA,NA,""
"449","R","Peter Lake",2013,210,2013-07-29,"7",12,NA,NA,937.1170591,2.223299907,52.84109171,""
"450","T","Tuesday Lake",2013,210,2013-07-29,"1",0.5,580.1541,22.48422,NA,NA,NA,""
"451","L","Paul Lake",2013,211,2013-07-30,"-1",NA,NA,NA,25.72191842,0.759549053,2.394033057,""
"452","L","Paul Lake",2013,211,2013-07-30,"-2",4,NA,NA,30.15907595,0.713709157,2.154823188,""
"453","L","Paul Lake",2013,211,2013-07-30,"1",0.5,255.5424,10.62271,NA,NA,NA,""
"454","L","Paul Lake",2013,211,2013-07-30,"7",9,NA,NA,925.548859,8.800152545,1.677908219,""
"455","R","Peter Lake",2013,211,2013-07-30,"1",0.5,463.88511,28.67822,NA,NA,NA,""
"456","T","Tuesday Lake",2013,211,2013-07-30,"1",0.5,493.64235,17.25029,NA,NA,NA,""
"457","L","Paul Lake",2013,212,2013-07-31,"1",0.5,235.80231,-4.80035,NA,NA,NA,""
"458","R","Peter Lake",2013,212,2013-07-31,"1",0.5,420.84639,16.32119,NA,NA,NA,""
"459","T","Tuesday Lake",2013,212,2013-07-31,"-1",NA,NA,NA,31.77785075,-0.094857799,1.31023523,""
"460","T","Tuesday Lake",2013,212,2013-07-31,"-2",3,NA,NA,34.39498749,-0.072125205,0.839906708,""
"461","T","Tuesday Lake",2013,212,2013-07-31,"1",0.5,543.75612,31.43455,NA,NA,NA,""
"462","T","Tuesday Lake",2013,212,2013-07-31,"7",10,NA,NA,267.9817096,4.055391828,2.224216433,""
"463","L","Paul Lake",2013,214,2013-08-02,"1",0.5,460.01835,24.93085,NA,NA,NA,""
"464","R","Peter Lake",2013,214,2013-08-02,"1",0.5,402.59136,24.21854,NA,NA,NA,""
"465","T","Tuesday Lake",2013,214,2013-08-02,"1",0.5,771.33456,31.8991,NA,NA,NA,""
"466","L","Paul Lake",2013,215,2013-08-03,"1",0.5,291.53409,1.48656,NA,NA,NA,""
"467","R","Peter Lake",2013,215,2013-08-03,"1",0.5,338.92992,21.3693,NA,NA,NA,""
"468","T","Tuesday Lake",2013,215,2013-08-03,"1",0.5,518.13183,24.4663,NA,NA,NA,""
"469","L","Paul Lake",2013,216,2013-08-04,"1",0.5,255.4023,21.02863,NA,NA,NA,""
"470","R","Peter Lake",2013,216,2013-08-04,"1",0.5,351.03456,18.61297,NA,NA,NA,""
"471","T","Tuesday Lake",2013,216,2013-08-04,"1",0.5,683.04354,41.00428,NA,NA,NA,""
"472","L","Paul Lake",2013,217,2013-08-05,"1",0.5,310.93794,16.87865,NA,NA,NA,""
"473","R","Peter Lake",2013,217,2013-08-05,"-1",NA,NA,NA,22.97749901,2.67871602,0.742342176,""
"474","R","Peter Lake",2013,217,2013-08-05,"-2",4,NA,NA,26.67057037,0.383149609,0.706863373,""
"475","R","Peter Lake",2013,217,2013-08-05,"1",0.5,372.93219,25.92189,NA,NA,NA,""
"476","R","Peter Lake",2013,217,2013-08-05,"7",12,NA,NA,974.3872819,2.770224424,55.19694735,""
"477","T","Tuesday Lake",2013,217,2013-08-05,"1",0.5,651.99738,25.67413,NA,NA,NA,""
"478","L","Paul Lake",2013,218,2013-08-06,"-1",NA,NA,NA,38.69705387,1.482131847,0.626608683,""
"479","L","Paul Lake",2013,218,2013-08-06,"-2",4,NA,NA,28.29164744,1.124098856,0.722509304,""
"480","L","Paul Lake",2013,218,2013-08-06,"1",0.5,274.94625,11.27308,NA,NA,NA,""
"481","L","Paul Lake",2013,218,2013-08-06,"7",9,NA,NA,742.1752141,5.521699606,1.612435633,""
"482","R","Peter Lake",2013,218,2013-08-06,"1",0.5,462.52614,24.86891,NA,NA,NA,""
"483","T","Tuesday Lake",2013,218,2013-08-06,"1",0.5,659.40867,41.74756,NA,NA,NA,""
"484","L","Paul Lake",2013,219,2013-08-07,"1",0.5,299.70192,1.26977,NA,NA,NA,""
"485","R","Peter Lake",2013,219,2013-08-07,"1",0.5,493.5723,34.65543,NA,NA,NA,""
"486","T","Tuesday Lake",2013,219,2013-08-07,"-1",NA,NA,NA,40.83216653,-0.005117446,1.911750396,""
"487","T","Tuesday Lake",2013,219,2013-08-07,"-2",3,NA,NA,36.4701395,1.052180531,1.65685145,""
"488","T","Tuesday Lake",2013,219,2013-08-07,"1",0.5,496.13613,48.71581,NA,NA,NA,""
"489","T","Tuesday Lake",2013,219,2013-08-07,"7",10,NA,NA,298.1521081,1.834116828,1.698108377,""
"490","L","Paul Lake",2013,220,2013-08-08,"1",0.5,252.99258,NA,NA,NA,NA,""
"491","R","Peter Lake",2013,220,2013-08-08,"1",0.5,460.76088,17.37417,NA,NA,NA,""
"492","T","Tuesday Lake",2013,220,2013-08-08,"1",0.5,531.10509,22.05064,NA,NA,NA,""
"493","L","Paul Lake",2013,221,2013-08-09,"1",0.5,263.19186,-4.61453,NA,NA,NA,""
"494","R","Peter Lake",2013,221,2013-08-09,"1",0.5,559.65747,17.18835,NA,NA,NA,""
"495","T","Tuesday Lake",2013,221,2013-08-09,"1",0.5,595.5651,32.2088,NA,NA,NA,""
"496","L","Paul Lake",2013,222,2013-08-10,"1",0.5,291.42201,-4.08804,NA,NA,NA,""
"497","R","Peter Lake",2013,222,2013-08-10,"1",0.5,365.73105,18.2723,NA,NA,NA,""
"498","T","Tuesday Lake",2013,222,2013-08-10,"1",0.5,522.51696,20.68796,NA,NA,NA,""
"499","L","Paul Lake",2013,223,2013-08-11,"1",0.5,238.98258,-3.99513,NA,NA,NA,""
"500","R","Peter Lake",2013,223,2013-08-11,"1",0.5,376.46271,35.02707,NA,NA,NA,""
"501","T","Tuesday Lake",2013,223,2013-08-11,"1",0.5,581.34495,36.14199,NA,NA,NA,""
"502","L","Paul Lake",2013,224,2013-08-12,"1",0.5,272.2143,2.50857,NA,NA,NA,""
"503","R","Peter Lake",2013,224,2013-08-12,"-1",NA,NA,NA,20.46339042,19.30334751,2.948418268,""
"504","R","Peter Lake",2013,224,2013-08-12,"-2",4,NA,NA,19.18118462,0.719612057,0.879360528,""
"505","R","Peter Lake",2013,224,2013-08-12,"1",0.5,396.23082,15.73276,NA,NA,NA,""
"506","R","Peter Lake",2013,224,2013-08-12,"7",12,NA,NA,930.0797137,3.952964893,51.95930269,""
"507","T","Tuesday Lake",2013,224,2013-08-12,"1",0.5,557.27577,39.36287,NA,NA,NA,""
"508","L","Paul Lake",2013,225,2013-08-13,"-1",NA,NA,NA,23.8708971,1.180166822,0.749004229,""
"509","L","Paul Lake",2013,225,2013-08-13,"-2",4,NA,NA,23.92725792,0.957886922,1.113459323,""
"510","L","Paul Lake",2013,225,2013-08-13,"1",0.5,254.89794,1.64141,NA,NA,NA,""
"511","L","Paul Lake",2013,225,2013-08-13,"7",9,NA,NA,803.9650597,7.003170602,1.769991913,""
"512","R","Peter Lake",2013,225,2013-08-13,"1",0.5,354.48102,20.59505,NA,NA,NA,""
"513","T","Tuesday Lake",2013,225,2013-08-13,"1",0.5,453.924,37.50467,NA,NA,NA,""
"514","L","Paul Lake",2013,226,2013-08-14,"1",0.5,284.6832,-4.11901,NA,NA,NA,""
"515","R","Peter Lake",2013,226,2013-08-14,"1",0.5,375.39795,18.21036,NA,NA,NA,""
"516","T","Tuesday Lake",2013,226,2013-08-14,"-1",NA,NA,NA,25.24342292,-0.008534969,1.871301885,""
"517","T","Tuesday Lake",2013,226,2013-08-14,"-2",3,NA,NA,27.8884472,0.420403705,1.673838174,""
"518","T","Tuesday Lake",2013,226,2013-08-14,"1",0.5,565.06533,55.90085,NA,NA,NA,""
"519","T","Tuesday Lake",2013,226,2013-08-14,"7",10,NA,NA,161.8180687,2.394566957,2.232695284,""
"520","L","Paul Lake",2013,227,2013-08-15,"1",0.5,346.95765,-4.14998,NA,NA,NA,""
"521","R","Peter Lake",2013,227,2013-08-15,"1",0.5,418.29657,16.56895,NA,NA,NA,""
"522","T","Tuesday Lake",2013,227,2013-08-15,"1",0.5,466.99533,20.59505,NA,NA,NA,""
"523","L","Paul Lake",2013,228,2013-08-16,"1",0.5,256.77528,0.15485,NA,NA,NA,""
"524","R","Peter Lake",2013,228,2013-08-16,"1",0.5,415.91487,30.93903,NA,NA,NA,""
"525","T","Tuesday Lake",2013,228,2013-08-16,"1",0.5,616.41198,36.17296,NA,NA,NA,""
"526","L","Paul Lake",2013,229,2013-08-17,"1",0.5,261.52467,-5.63654,NA,NA,NA,""
"527","R","Peter Lake",2013,229,2013-08-17,"1",0.5,406.90644,22.05064,NA,NA,NA,""
"528","T","Tuesday Lake",2013,229,2013-08-17,"1",0.5,571.48191,40.69458,NA,NA,NA,""
"529","L","Paul Lake",2013,230,2013-08-18,"1",0.5,435.89313,0,NA,NA,NA,""
"530","R","Peter Lake",2013,230,2013-08-18,"1",0.5,426.53445,24.68309,NA,NA,NA,""
"531","T","Tuesday Lake",2013,230,2013-08-18,"1",0.5,691.46355,36.57557,NA,NA,NA,""
"532","L","Paul Lake",2013,231,2013-08-19,"1",0.5,281.81115,-4.80035,NA,NA,NA,""
"533","R","Peter Lake",2013,231,2013-08-19,"-1",NA,NA,NA,39.39375572,21.81420654,2.551713386,""
"534","R","Peter Lake",2013,231,2013-08-19,"-2",4,NA,NA,28.55473674,1.161753376,2.07155376,""
"535","R","Peter Lake",2013,231,2013-08-19,"1",0.5,426.64653,20.06856,NA,NA,NA,""
"536","R","Peter Lake",2013,231,2013-08-19,"7",12,NA,NA,898.1553772,9.909287315,53.10989076,""
"537","T","Tuesday Lake",2013,231,2013-08-19,"1",0.5,637.09074,48.96357,NA,NA,NA,""
"538","L","Paul Lake",2013,232,2013-08-20,"-1",NA,NA,NA,37.89146256,3.003292831,0.939642717,""
"539","L","Paul Lake",2013,232,2013-08-20,"-2",4,NA,NA,23.18114073,2.195527114,0.760028442,""
"540","L","Paul Lake",2013,232,2013-08-20,"1",0.5,288.95625,-4.49065,NA,NA,NA,""
"541","L","Paul Lake",2013,232,2013-08-20,"7",9,NA,NA,936.636522,14.40633493,1.914241028,""
"542","R","Peter Lake",2013,232,2013-08-20,"1",0.5,553.9554,16.56895,NA,NA,NA,""
"543","T","Tuesday Lake",2013,232,2013-08-20,"1",0.5,549.71037,27.65621,NA,NA,NA,""
"544","L","Paul Lake",2013,233,2013-08-21,"1",0.5,243.47979,-6.28691,NA,NA,NA,""
"545","R","Peter Lake",2013,233,2013-08-21,"1",0.5,380.83383,19.2014,NA,NA,NA,""
"546","T","Tuesday Lake",2013,233,2013-08-21,"-1",NA,NA,NA,24.86836523,0.228800047,1.602566773,""
"547","T","Tuesday Lake",2013,233,2013-08-21,"-2",3,NA,NA,32.36988721,0.340696071,2.055791677,""
"548","T","Tuesday Lake",2013,233,2013-08-21,"1",0.5,501.40389,33.50954,NA,NA,NA,""
"549","T","Tuesday Lake",2013,233,2013-08-21,"7",10,NA,NA,262.4491096,3.787123548,1.44826788,""
"550","L","Paul Lake",2013,234,2013-08-22,"1",0.5,270.9534,-4.58356,NA,NA,NA,""
"551","R","Peter Lake",2013,234,2013-08-22,"1",0.5,450.37947,24.09466,NA,NA,NA,""
"552","T","Tuesday Lake",2013,234,2013-08-22,"1",0.5,577.60428,27.06778,NA,NA,NA,""
"553","L","Paul Lake",2013,235,2013-08-23,"1",0.5,271.85004,-5.72945,NA,NA,NA,""
"554","R","Peter Lake",2013,235,2013-08-23,"1",0.5,581.9754,16.53798,NA,NA,NA,""
"555","T","Tuesday Lake",2013,235,2013-08-23,"1",0.5,508.01661,35.08901,NA,NA,NA,""
"556","L","Paul Lake",2013,236,2013-08-24,"1",0.5,257.09751,-3.93319,NA,NA,NA,""
"557","R","Peter Lake",2013,236,2013-08-24,"1",0.5,505.15857,22.63907,NA,NA,NA,""
"558","T","Tuesday Lake",2013,236,2013-08-24,"1",0.5,583.0962,33.85021,NA,NA,NA,""
"559","L","Paul Lake",2013,237,2013-08-25,"1",0.5,314.1042,-3.62349,NA,NA,NA,""
"560","R","Peter Lake",2013,237,2013-08-25,"1",0.5,563.63631,20.84281,NA,NA,NA,""
"561","T","Tuesday Lake",2013,237,2013-08-25,"1",0.5,630.42198,16.97156,NA,NA,NA,""
"562","L","Paul Lake",2013,238,2013-08-26,"1",0.5,293.74767,0.83619,NA,NA,NA,""
"563","R","Peter Lake",2013,238,2013-08-26,"-1",NA,NA,NA,82.80158882,51.57182793,3.855289753,""
"564","R","Peter Lake",2013,238,2013-08-26,"-2",4,NA,NA,60.21775678,0.616220564,4.52028772,""
"565","R","Peter Lake",2013,238,2013-08-26,"1",0.5,474.89697,14.12232,NA,NA,NA,""
"566","R","Peter Lake",2013,238,2013-08-26,"7",12,NA,NA,878.2206183,7.743656088,52.4365439,""
"567","T","Tuesday Lake",2013,238,2013-08-26,"1",0.5,575.20857,33.19984,NA,NA,NA,""
"568","L","Paul Lake",2013,239,2013-08-27,"-1",NA,271.0908534,-2.303321501,36.02225755,6.75283821,0.759383042,""
"569","L","Paul Lake",2013,239,2013-08-27,"-2",4,229.4284297,-3.039289339,23.83129248,0.846351808,0.803137011,""
"570","L","Paul Lake",2013,239,2013-08-27,"1",0.5,312.57711,-3.46864,NA,NA,NA,""
"571","L","Paul Lake",2013,239,2013-08-27,"7",9,1567.081456,49.54736293,1026.909751,7.395100731,1.815014692,""
"572","R","Peter Lake",2013,239,2013-08-27,"1",0.5,543.54597,18.70588,NA,NA,NA,""
"573","T","Tuesday Lake",2013,239,2013-08-27,"1",0.5,517.82361,13.16225,NA,NA,NA,""
"574","L","Paul Lake",2013,240,2013-08-28,"1",0.5,256.98543,-4.18095,NA,NA,NA,""
"575","R","Peter Lake",2013,240,2013-08-28,"1",0.5,457.49655,11.24211,NA,NA,NA,""
"576","T","Tuesday Lake",2013,240,2013-08-28,"-1",NA,485.6451353,24.0267674,27.85998375,0.144167265,1.406513855,""
"577","T","Tuesday Lake",2013,240,2013-08-28,"-2",3,414.343832,24.96731911,45.86297776,0.382113197,0.975735791,""
"578","T","Tuesday Lake",2013,240,2013-08-28,"1",0.5,480.85122,18.11745,NA,NA,NA,""
"579","T","Tuesday Lake",2013,240,2013-08-28,"7",10,718.5447326,38.46000552,255.2226584,3.259324269,2.11989482,""
"580","L","Paul Lake",2013,241,2013-08-29,"1",0.5,268.62774,-6.34885,NA,NA,NA,""
"581","R","Peter Lake",2013,241,2013-08-29,"1",0.5,467.86395,14.18426,NA,NA,NA,""
"582","T","Tuesday Lake",2013,241,2013-08-29,"1",0.5,499.84878,14.64881,NA,NA,NA,""
"583","L","Paul Lake",2013,242,2013-08-30,"1",0.5,273.64332,-4.39774,NA,NA,NA,""
"584","R","Peter Lake",2013,242,2013-08-30,"1",0.5,494.31483,12.26412,NA,NA,NA,""
"585","T","Tuesday Lake",2013,242,2013-08-30,"1",0.5,453.46167,13.68874,NA,NA,NA,""
"586","L","Paul Lake",2013,243,2013-08-31,"1",0.5,324.1914,-5.20296,NA,NA,NA,""
"587","R","Peter Lake",2013,243,2013-08-31,"-1",NA,447.7079861,17.19409879,NA,NA,NA,""
"588","R","Peter Lake",2013,243,2013-08-31,"-2",4,358.3789438,15.44053434,NA,NA,NA,""
"589","R","Peter Lake",2013,243,2013-08-31,"1",0.5,427.97748,11.67569,NA,NA,NA,""
"590","R","Peter Lake",2013,243,2013-08-31,"7",12,1196.084355,93.91296417,NA,NA,NA,""
"591","T","Tuesday Lake",2013,243,2013-08-31,"1",0.5,521.80245,21.46221,NA,NA,NA,""
"592","L","Paul Lake",2013,244,2013-09-01,"1",0.5,278.96712,-5.72945,NA,NA,NA,""
"593","R","Peter Lake",2013,244,2013-09-01,"1",0.5,448.02579,15.20627,NA,NA,NA,""
"594","T","Tuesday Lake",2013,244,2013-09-01,"1",0.5,467.42964,11.83054,NA,NA,NA,""
"595","R","Peter Lake",2014,139,2014-05-19,"-1",NA,NA,NA,51,2.744444444,-0.333333333,""
"596","R","Peter Lake",2014,139,2014-05-19,"-2",4,NA,NA,24.9,125.2444444,1.566666667,""
"597","R","Peter Lake",2014,139,2014-05-19,"7",12,NA,NA,871.8,2.044444444,101.6666667,""
"598","L","Paul Lake",2014,140,2014-05-20,"-1",NA,NA,NA,6.9,10.84444444,0.366666667,""
"599","L","Paul Lake",2014,140,2014-05-20,"-2",4,NA,NA,33.6,52.94444444,-0.033333333,""
"600","L","Paul Lake",2014,140,2014-05-20,"7",9,NA,NA,691.4,1.644444444,33.86666667,""
"601","T","Tuesday Lake",2014,141,2014-05-21,"-1",NA,NA,NA,34.3,18.54444444,-0.233333333,""
"602","T","Tuesday Lake",2014,141,2014-05-21,"-2",3,NA,NA,1.3,38.74444444,-0.033333333,""
"603","T","Tuesday Lake",2014,141,2014-05-21,"7",10,NA,NA,159.3,22.54444444,0.266666667,""
"604","L","Paul Lake",2014,146,2014-05-26,"1",0.5,213,8,NA,NA,NA,""
"605","R","Peter Lake",2014,146,2014-05-26,"-1",NA,NA,NA,4.6,-0.255555556,-0.233333333,""
"606","R","Peter Lake",2014,146,2014-05-26,"-2",4,NA,NA,14.1,126.7444444,-0.233333333,""
"607","R","Peter Lake",2014,146,2014-05-26,"1",0.5,289,16,NA,NA,NA,""
"608","R","Peter Lake",2014,146,2014-05-26,"7",12,NA,NA,620.3,6.044444444,49.16666667,""
"609","T","Tuesday Lake",2014,146,2014-05-26,"1",0.5,413,17,NA,NA,NA,""
"610","L","Paul Lake",2014,147,2014-05-27,"-1",NA,NA,NA,13.1,0.144444444,0.166666667,""
"611","L","Paul Lake",2014,147,2014-05-27,"-2",4,NA,NA,-2.9,0.944444444,4.166666667,""
"612","L","Paul Lake",2014,147,2014-05-27,"1",0.5,207,9,NA,NA,NA,""
"613","L","Paul Lake",2014,147,2014-05-27,"7",9,NA,NA,910.1,0.544444444,49.26666667,""
"614","R","Peter Lake",2014,147,2014-05-27,"1",0.5,246,11,NA,NA,NA,""
"615","T","Tuesday Lake",2014,147,2014-05-27,"1",0.5,403,17,NA,NA,NA,""
"616","L","Paul Lake",2014,148,2014-05-28,"1",0.5,198,9,NA,NA,NA,""
"617","R","Peter Lake",2014,148,2014-05-28,"1",0.5,297,12,NA,NA,NA,""
"618","T","Tuesday Lake",2014,148,2014-05-28,"-1",NA,NA,NA,17.1,0.744444444,0.266666667,""
"619","T","Tuesday Lake",2014,148,2014-05-28,"-2",3,NA,NA,23.1,44.24444444,0.166666667,""
"620","T","Tuesday Lake",2014,148,2014-05-28,"1",0.5,392,15,NA,NA,NA,""
"621","T","Tuesday Lake",2014,148,2014-05-28,"7",10,NA,NA,169.5,1.544444444,0.366666667,""
"622","L","Paul Lake",2014,149,2014-05-29,"1",0.5,273,9,NA,NA,NA,""
"623","R","Peter Lake",2014,149,2014-05-29,"1",0.5,280,8,NA,NA,NA,""
"624","T","Tuesday Lake",2014,149,2014-05-29,"1",0.5,469,15,NA,NA,NA,""
"625","L","Paul Lake",2014,150,2014-05-30,"1",0.5,225,10,NA,NA,NA,""
"626","R","Peter Lake",2014,150,2014-05-30,"1",0.5,256,9,NA,NA,NA,""
"627","T","Tuesday Lake",2014,150,2014-05-30,"1",0.5,371,17,NA,NA,NA,""
"628","L","Paul Lake",2014,151,2014-05-31,"1",0.5,253,25,NA,NA,NA,""
"629","R","Peter Lake",2014,151,2014-05-31,"1",0.5,272,12,NA,NA,NA,""
"630","T","Tuesday Lake",2014,151,2014-05-31,"1",0.5,370,12,NA,NA,NA,""
"631","L","Paul Lake",2014,152,2014-06-01,"1",0.5,229,6,NA,NA,NA,""
"632","R","Peter Lake",2014,152,2014-06-01,"1",0.5,289,9,NA,NA,NA,""
"633","T","Tuesday Lake",2014,152,2014-06-01,"1",0.5,392,16,NA,NA,NA,""
"634","L","Paul Lake",2014,153,2014-06-02,"1",0.5,191,5,NA,NA,NA,""
"635","R","Peter Lake",2014,153,2014-06-02,"-1",NA,NA,NA,14.3,0.644444444,0.066666667,""
"636","R","Peter Lake",2014,153,2014-06-02,"-2",4,NA,NA,7,0.744444444,0.466666667,""
"637","R","Peter Lake",2014,153,2014-06-02,"1",0.5,325,10,NA,NA,NA,""
"638","R","Peter Lake",2014,153,2014-06-02,"7",12,NA,NA,817.7,0.044444444,89.86666667,""
"639","T","Tuesday Lake",2014,153,2014-06-02,"1",0.5,403,15,NA,NA,NA,""
"640","L","Paul Lake",2014,154,2014-06-03,"-1",NA,NA,NA,4.2,-0.755555556,-0.033333333,""
"641","L","Paul Lake",2014,154,2014-06-03,"-2",4,NA,NA,8.6,-1.155555556,0.966666667,""
"642","L","Paul Lake",2014,154,2014-06-03,"1",0.5,190,5,NA,NA,NA,""
"643","L","Paul Lake",2014,154,2014-06-03,"7",9,NA,NA,519.6,0.444444444,6.466666667,""
"644","R","Peter Lake",2014,154,2014-06-03,"1",0.5,294,12,NA,NA,NA,""
"645","T","Tuesday Lake",2014,154,2014-06-03,"1",0.5,440,18,NA,NA,NA,""
"646","L","Paul Lake",2014,155,2014-06-04,"1",0.5,217,6,NA,NA,NA,""
"647","R","Peter Lake",2014,155,2014-06-04,"1",0.5,293,9,NA,NA,NA,""
"648","T","Tuesday Lake",2014,155,2014-06-04,"-1",NA,NA,NA,0.1,-0.755555556,-0.033333333,""
"649","T","Tuesday Lake",2014,155,2014-06-04,"-2",3,NA,NA,20.6,3.244444444,-0.133333333,""
"650","T","Tuesday Lake",2014,155,2014-06-04,"1",0.5,436,20,NA,NA,NA,""
"651","T","Tuesday Lake",2014,155,2014-06-04,"7",10,NA,NA,214.3,0.344444444,0.066666667,""
"652","L","Paul Lake",2014,156,2014-06-05,"1",0.5,213,5,NA,NA,NA,""
"653","R","Peter Lake",2014,156,2014-06-05,"1",0.5,284,11,NA,NA,NA,""
"654","T","Tuesday Lake",2014,156,2014-06-05,"1",0.5,609,39,NA,NA,NA,""
"655","L","Paul Lake",2014,157,2014-06-06,"1",0.5,199,7,NA,NA,NA,""
"656","R","Peter Lake",2014,157,2014-06-06,"1",0.5,296,14,NA,NA,NA,""
"657","T","Tuesday Lake",2014,157,2014-06-06,"1",0.5,438,30,NA,NA,NA,""
"658","L","Paul Lake",2014,158,2014-06-07,"1",0.5,218,8,NA,NA,NA,""
"659","R","Peter Lake",2014,158,2014-06-07,"1",0.5,332,20,NA,NA,NA,""
"660","T","Tuesday Lake",2014,158,2014-06-07,"1",0.5,412,22,NA,NA,NA,""
"661","L","Paul Lake",2014,159,2014-06-08,"1",0.5,250,8,NA,NA,NA,""
"662","R","Peter Lake",2014,159,2014-06-08,"1",0.5,310,21,NA,NA,NA,""
"663","T","Tuesday Lake",2014,159,2014-06-08,"1",0.5,434,31,NA,NA,NA,""
"664","L","Paul Lake",2014,160,2014-06-09,"1",0.5,211,13,NA,NA,NA,""
"665","R","Peter Lake",2014,160,2014-06-09,"-1",NA,NA,NA,17.6,1.444444444,0.266666667,""
"666","R","Peter Lake",2014,160,2014-06-09,"-2",4,NA,NA,2.7,1.244444444,0.066666667,""
"667","R","Peter Lake",2014,160,2014-06-09,"1",0.5,301,19,NA,NA,NA,""
"668","R","Peter Lake",2014,160,2014-06-09,"7",12,NA,NA,715.7,1.244444444,46.16666667,""
"669","T","Tuesday Lake",2014,160,2014-06-09,"1",0.5,444,32,NA,NA,NA,""
"670","L","Paul Lake",2014,161,2014-06-10,"-1",NA,NA,NA,17.2,0.544444444,-0.133333333,""
"671","L","Paul Lake",2014,161,2014-06-10,"-2",4,NA,NA,1.7,0.444444444,0.166666667,""
"672","L","Paul Lake",2014,161,2014-06-10,"1",0.5,198,7,NA,NA,NA,""
"673","L","Paul Lake",2014,161,2014-06-10,"7",9,NA,NA,482.4,5.744444444,0.266666667,""
"674","R","Peter Lake",2014,161,2014-06-10,"1",0.5,308,16,NA,NA,NA,""
"675","T","Tuesday Lake",2014,161,2014-06-10,"1",0.5,444,29,NA,NA,NA,""
"676","L","Paul Lake",2014,162,2014-06-11,"1",0.5,219,7,NA,NA,NA,""
"677","R","Peter Lake",2014,162,2014-06-11,"1",0.5,400,25,NA,NA,NA,""
"678","T","Tuesday Lake",2014,162,2014-06-11,"-1",NA,NA,NA,17.9,-0.355555556,0.166666667,""
"679","T","Tuesday Lake",2014,162,2014-06-11,"-2",3,NA,NA,15.4,5.944444444,0.866666667,""
"680","T","Tuesday Lake",2014,162,2014-06-11,"1",0.5,427,25,NA,NA,NA,""
"681","T","Tuesday Lake",2014,162,2014-06-11,"7",10,NA,NA,79.6,10.84444444,0.666666667,""
"682","L","Paul Lake",2014,163,2014-06-12,"1",0.5,283,11,NA,NA,NA,""
"683","R","Peter Lake",2014,163,2014-06-12,"1",0.5,305,20,NA,NA,NA,""
"684","T","Tuesday Lake",2014,163,2014-06-12,"1",0.5,483,33,NA,NA,NA,""
"685","L","Paul Lake",2014,164,2014-06-13,"1",0.5,258,12,NA,NA,NA,""
"686","R","Peter Lake",2014,164,2014-06-13,"1",0.5,329,19,NA,NA,NA,""
"687","T","Tuesday Lake",2014,164,2014-06-13,"1",0.5,521,28,NA,NA,NA,""
"688","L","Paul Lake",2014,165,2014-06-14,"1",0.5,259,11,NA,NA,NA,""
"689","R","Peter Lake",2014,165,2014-06-14,"1",0.5,305,20,NA,NA,NA,""
"690","T","Tuesday Lake",2014,165,2014-06-14,"1",0.5,530,31,NA,NA,NA,""
"691","L","Paul Lake",2014,166,2014-06-15,"1",0.5,252,9,NA,NA,NA,""
"692","R","Peter Lake",2014,166,2014-06-15,"1",0.5,312,18,NA,NA,NA,""
"693","T","Tuesday Lake",2014,166,2014-06-15,"1",0.5,526,36,NA,NA,NA,""
"694","L","Paul Lake",2014,167,2014-06-16,"1",0.5,299,14,NA,NA,NA,""
"695","R","Peter Lake",2014,167,2014-06-16,"-1",NA,NA,NA,8.4,1.644444444,-0.133333333,""
"696","R","Peter Lake",2014,167,2014-06-16,"-2",4,NA,NA,2.2,0.744444444,0.066666667,""
"697","R","Peter Lake",2014,167,2014-06-16,"1",0.5,344,18,NA,NA,NA,""
"698","R","Peter Lake",2014,167,2014-06-16,"7",12,NA,NA,806.3,2.544444444,65.56666667,""
"699","T","Tuesday Lake",2014,167,2014-06-16,"1",0.5,537,35,NA,NA,NA,""
"700","L","Paul Lake",2014,168,2014-06-17,"-1",NA,NA,NA,4.4,-0.855555556,-0.133333333,""
"701","L","Paul Lake",2014,168,2014-06-17,"-2",4,NA,NA,3.8,-1.855555556,-0.133333333,""
"702","L","Paul Lake",2014,168,2014-06-17,"1",0.5,223,11,NA,NA,NA,""
"703","L","Paul Lake",2014,168,2014-06-17,"7",9,NA,NA,703.4,2.844444444,5.766666667,""
"704","R","Peter Lake",2014,168,2014-06-17,"1",0.5,316,19,NA,NA,NA,""
"705","T","Tuesday Lake",2014,168,2014-06-17,"1",0.5,520,44,NA,NA,NA,""
"706","L","Paul Lake",2014,169,2014-06-18,"1",0.5,232,8,NA,NA,NA,""
"707","R","Peter Lake",2014,169,2014-06-18,"1",0.5,366,23,NA,NA,NA,""
"708","T","Tuesday Lake",2014,169,2014-06-18,"-1",NA,NA,NA,4,1.344444444,0.266666667,""
"709","T","Tuesday Lake",2014,169,2014-06-18,"-2",3,NA,NA,6.5,-0.755555556,0.266666667,""
"710","T","Tuesday Lake",2014,169,2014-06-18,"1",0.5,531,42,NA,NA,NA,""
"711","T","Tuesday Lake",2014,169,2014-06-18,"7",10,NA,NA,186.9,7.044444444,0.266666667,""
"712","L","Paul Lake",2014,170,2014-06-19,"1",0.5,311,20,NA,NA,NA,""
"713","R","Peter Lake",2014,170,2014-06-19,"1",0.5,385,28,NA,NA,NA,""
"714","T","Tuesday Lake",2014,170,2014-06-19,"1",0.5,505,38,NA,NA,NA,""
"715","L","Paul Lake",2014,171,2014-06-20,"1",0.5,194,12,NA,NA,NA,""
"716","R","Peter Lake",2014,171,2014-06-20,"1",0.5,333,22,NA,NA,NA,""
"717","T","Tuesday Lake",2014,171,2014-06-20,"1",0.5,519,42,NA,NA,NA,""
"718","L","Paul Lake",2014,172,2014-06-21,"1",0.5,243,12,NA,NA,NA,""
"719","R","Peter Lake",2014,172,2014-06-21,"1",0.5,320,23,NA,NA,NA,""
"720","T","Tuesday Lake",2014,172,2014-06-21,"1",0.5,548,46,NA,NA,NA,""
"721","L","Paul Lake",2014,173,2014-06-22,"1",0.5,196,10,NA,NA,NA,""
"722","R","Peter Lake",2014,173,2014-06-22,"1",0.5,308,23,NA,NA,NA,""
"723","T","Tuesday Lake",2014,173,2014-06-22,"1",0.5,478,39,NA,NA,NA,""
"724","L","Paul Lake",2014,174,2014-06-23,"1",0.5,268,19,NA,NA,NA,""
"725","R","Peter Lake",2014,174,2014-06-23,"1",0.5,360,23,NA,NA,NA,""
"726","T","Tuesday Lake",2014,174,2014-06-23,"1",0.5,517,47,NA,NA,NA,""
"727","L","Paul Lake",2014,175,2014-06-24,"-1",NA,NA,NA,7.6,-0.255555556,-0.233333333,""
"728","L","Paul Lake",2014,175,2014-06-24,"-2",4,NA,NA,4.9,-0.555555556,-0.133333333,""
"729","L","Paul Lake",2014,175,2014-06-24,"1",0.5,227,27,NA,NA,NA,""
"730","L","Paul Lake",2014,175,2014-06-24,"7",9,NA,NA,446.3,2.944444444,10.26666667,""
"731","R","Peter Lake",2014,175,2014-06-24,"-1",NA,NA,NA,-1.9,6.444444444,-0.133333333,""
"732","R","Peter Lake",2014,175,2014-06-24,"-2",4,NA,NA,-11.3,0.744444444,-0.033333333,""
"733","R","Peter Lake",2014,175,2014-06-24,"1",0.5,326,26,NA,NA,NA,""
"734","R","Peter Lake",2014,175,2014-06-24,"7",12,NA,NA,725.8,0.644444444,45.76666667,""
"735","T","Tuesday Lake",2014,175,2014-06-24,"1",0.5,529,50,NA,NA,NA,""
"736","L","Paul Lake",2014,176,2014-06-25,"1",0.5,237,11,NA,NA,NA,""
"737","R","Peter Lake",2014,176,2014-06-25,"1",0.5,345,22,NA,NA,NA,""
"738","T","Tuesday Lake",2014,176,2014-06-25,"-1",NA,NA,NA,19.2,0.344444444,11.56666667,""
"739","T","Tuesday Lake",2014,176,2014-06-25,"1",0.5,535,58,NA,NA,NA,""
"740","L","Paul Lake",2014,177,2014-06-26,"1",0.5,215,13,NA,NA,NA,""
"741","R","Peter Lake",2014,177,2014-06-26,"1",0.5,337,25,NA,NA,NA,""
"742","T","Tuesday Lake",2014,177,2014-06-26,"1",0.5,507,56,NA,NA,NA,""
"743","L","Paul Lake",2014,178,2014-06-27,"1",0.5,230,6,NA,NA,NA,""
"744","R","Peter Lake",2014,178,2014-06-27,"1",0.5,318,15,NA,NA,NA,""
"745","T","Tuesday Lake",2014,178,2014-06-27,"1",0.5,570,34,NA,NA,NA,""
"746","L","Paul Lake",2014,179,2014-06-28,"1",0.5,208,8,NA,NA,NA,""
"747","R","Peter Lake",2014,179,2014-06-28,"1",0.5,344,15,NA,NA,NA,""
"748","T","Tuesday Lake",2014,179,2014-06-28,"1",0.5,535,31,NA,NA,NA,""
"749","L","Paul Lake",2014,180,2014-06-29,"1",0.5,297,9,NA,NA,NA,""
"750","R","Peter Lake",2014,180,2014-06-29,"1",0.5,360,16,NA,NA,NA,""
"751","T","Tuesday Lake",2014,180,2014-06-29,"1",0.5,550,33,NA,NA,NA,""
"752","L","Paul Lake",2014,181,2014-06-30,"1",0.5,215,7,NA,NA,NA,""
"753","R","Peter Lake",2014,181,2014-06-30,"-1",NA,NA,NA,3.2,9.844444444,0.366666667,""
"754","R","Peter Lake",2014,181,2014-06-30,"-2",4,NA,NA,-1.5,0.344444444,0.966666667,""
"755","R","Peter Lake",2014,181,2014-06-30,"1",0.5,308,13,NA,NA,NA,""
"756","R","Peter Lake",2014,181,2014-06-30,"7",12,NA,NA,924.2,41.84444444,71.06666667,""
"757","T","Tuesday Lake",2014,181,2014-06-30,"1",0.5,511,29,NA,NA,NA,""
"758","L","Paul Lake",2014,182,2014-07-01,"-1",NA,NA,NA,7.2,-0.355555556,1.466666667,""
"759","L","Paul Lake",2014,182,2014-07-01,"-2",4,NA,NA,31.8,-0.755555556,1.066666667,""
"760","L","Paul Lake",2014,182,2014-07-01,"1",0.5,230,7,NA,NA,NA,""
"761","L","Paul Lake",2014,182,2014-07-01,"7",9,NA,NA,841.2,3.244444444,14.16666667,""
"762","R","Peter Lake",2014,182,2014-07-01,"1",0.5,355,20,NA,NA,NA,""
"763","T","Tuesday Lake",2014,182,2014-07-01,"1",0.5,515,32,NA,NA,NA,""
"764","L","Paul Lake",2014,183,2014-07-02,"1",0.5,222,9,NA,NA,NA,""
"765","R","Peter Lake",2014,183,2014-07-02,"1",0.5,304,14,NA,NA,NA,""
"766","T","Tuesday Lake",2014,183,2014-07-02,"-1",NA,NA,NA,4.1,-0.855555556,0.766666667,""
"767","T","Tuesday Lake",2014,183,2014-07-02,"-2",3,NA,NA,0.7,-1.055555556,0.566666667,""
"768","T","Tuesday Lake",2014,183,2014-07-02,"1",0.5,526,31,NA,NA,NA,""
"769","T","Tuesday Lake",2014,183,2014-07-02,"7",10,NA,NA,213,1.744444444,2.166666667,""
"770","L","Paul Lake",2014,184,2014-07-03,"1",0.5,242,7,NA,NA,NA,""
"771","R","Peter Lake",2014,184,2014-07-03,"1",0.5,331,16,NA,NA,NA,""
"772","T","Tuesday Lake",2014,184,2014-07-03,"1",0.5,535,36,NA,NA,NA,""
"773","L","Paul Lake",2014,185,2014-07-04,"1",0.5,233,6,NA,NA,NA,""
"774","R","Peter Lake",2014,185,2014-07-04,"1",0.5,322,13,NA,NA,NA,""
"775","T","Tuesday Lake",2014,185,2014-07-04,"1",0.5,520,39,NA,NA,NA,""
"776","L","Paul Lake",2014,186,2014-07-05,"1",0.5,250,7,NA,NA,NA,""
"777","R","Peter Lake",2014,186,2014-07-05,"1",0.5,303,14,NA,NA,NA,""
"778","T","Tuesday Lake",2014,186,2014-07-05,"1",0.5,587,32,NA,NA,NA,""
"779","L","Paul Lake",2014,187,2014-07-06,"1",0.5,272,7,NA,NA,NA,""
"780","R","Peter Lake",2014,187,2014-07-06,"1",0.5,342,17,NA,NA,NA,""
"781","T","Tuesday Lake",2014,187,2014-07-06,"1",0.5,590,41,NA,NA,NA,""
"782","L","Paul Lake",2014,188,2014-07-07,"1",0.5,214,12,NA,NA,NA,""
"783","R","Peter Lake",2014,188,2014-07-07,"-1",NA,NA,NA,11.8,28.54444444,-0.033333333,""
"784","R","Peter Lake",2014,188,2014-07-07,"-2",4,NA,NA,3.4,-0.555555556,1.366666667,""
"785","R","Peter Lake",2014,188,2014-07-07,"1",0.5,386,14,NA,NA,NA,""
"786","R","Peter Lake",2014,188,2014-07-07,"7",12,NA,NA,685.7,17.84444444,47.06666667,""
"787","T","Tuesday Lake",2014,188,2014-07-07,"1",0.5,573,38,NA,NA,NA,""
"788","L","Paul Lake",2014,189,2014-07-08,"-1",NA,NA,NA,7.2,2.144444444,1.366666667,""
"789","L","Paul Lake",2014,189,2014-07-08,"-2",4,NA,NA,0.1,-0.555555556,0.866666667,""
"790","L","Paul Lake",2014,189,2014-07-08,"1",0.5,259,9,NA,NA,NA,""
"791","L","Paul Lake",2014,189,2014-07-08,"7",9,NA,NA,528.8,1.544444444,2.666666667,""
"792","R","Peter Lake",2014,189,2014-07-08,"1",0.5,343,15,NA,NA,NA,""
"793","T","Tuesday Lake",2014,189,2014-07-08,"1",0.5,604,69,NA,NA,NA,""
"794","L","Paul Lake",2014,190,2014-07-09,"1",0.5,226,8,NA,NA,NA,""
"795","R","Peter Lake",2014,190,2014-07-09,"1",0.5,354,16,NA,NA,NA,""
"796","T","Tuesday Lake",2014,190,2014-07-09,"-1",NA,NA,NA,8.2,-0.755555556,3.966666667,""
"797","T","Tuesday Lake",2014,190,2014-07-09,"-2",3,NA,NA,2.7,0.244444444,3.266666667,""
"798","T","Tuesday Lake",2014,190,2014-07-09,"1",0.5,491,39,NA,NA,NA,""
"799","T","Tuesday Lake",2014,190,2014-07-09,"7",10,NA,NA,183.6,5.344444444,-0.033333333,""
"800","L","Paul Lake",2014,191,2014-07-10,"1",0.5,228,8,NA,NA,NA,""
"801","R","Peter Lake",2014,191,2014-07-10,"1",0.5,376,21,NA,NA,NA,""
"802","T","Tuesday Lake",2014,191,2014-07-10,"1",0.5,496,42,NA,NA,NA,""
"803","L","Paul Lake",2014,192,2014-07-11,"1",0.5,209,7,NA,NA,NA,""
"804","R","Peter Lake",2014,192,2014-07-11,"1",0.5,407,16,NA,NA,NA,""
"805","T","Tuesday Lake",2014,192,2014-07-11,"1",0.5,522,37,NA,NA,NA,""
"806","L","Paul Lake",2014,193,2014-07-12,"1",0.5,223,9,NA,NA,NA,""
"807","R","Peter Lake",2014,193,2014-07-12,"1",0.5,333,15,NA,NA,NA,""
"808","T","Tuesday Lake",2014,193,2014-07-12,"1",0.5,569,44,NA,NA,NA,""
"809","L","Paul Lake",2014,194,2014-07-13,"1",0.5,198,1,NA,NA,NA,""
"810","R","Peter Lake",2014,194,2014-07-13,"1",0.5,350,13,NA,NA,NA,""
"811","T","Tuesday Lake",2014,194,2014-07-13,"1",0.5,542,35,NA,NA,NA,""
"812","L","Paul Lake",2014,195,2014-07-14,"1",0.5,217,8,NA,NA,NA,""
"813","R","Peter Lake",2014,195,2014-07-14,"-1",NA,NA,NA,14.1,46.14444444,39.66666667,""
"814","R","Peter Lake",2014,195,2014-07-14,"-2",4,NA,NA,-7.6,0.144444444,0.566666667,""
"815","R","Peter Lake",2014,195,2014-07-14,"1",0.5,388,16,NA,NA,NA,""
"816","R","Peter Lake",2014,195,2014-07-14,"7",12,NA,NA,1054.5,3.944444444,108.9666667,""
"817","T","Tuesday Lake",2014,195,2014-07-14,"1",0.5,566,39,NA,NA,NA,""
"818","L","Paul Lake",2014,196,2014-07-15,"-1",NA,NA,NA,-2,0.344444444,0.066666667,""
"819","L","Paul Lake",2014,196,2014-07-15,"-2",4,NA,NA,-18.7,-1.255555556,-0.133333333,""
"820","L","Paul Lake",2014,196,2014-07-15,"1",0.5,231,10,NA,NA,NA,""
"821","L","Paul Lake",2014,196,2014-07-15,"7",9,NA,NA,867.3,5.044444444,4.466666667,""
"822","R","Peter Lake",2014,196,2014-07-15,"1",0.5,400,15,NA,NA,NA,""
"823","T","Tuesday Lake",2014,196,2014-07-15,"1",0.5,607,53,NA,NA,NA,""
"824","L","Paul Lake",2014,197,2014-07-16,"1",0.5,268,11,NA,NA,NA,""
"825","R","Peter Lake",2014,197,2014-07-16,"1",0.5,353,13,NA,NA,NA,""
"826","T","Tuesday Lake",2014,197,2014-07-16,"-1",NA,NA,NA,-4.2,-1.455555556,0.166666667,""
"827","T","Tuesday Lake",2014,197,2014-07-16,"-2",3,NA,NA,-0.8,-1.355555556,0.166666667,""
"828","T","Tuesday Lake",2014,197,2014-07-16,"1",0.5,538,39,NA,NA,NA,""
"829","T","Tuesday Lake",2014,197,2014-07-16,"7",10,NA,NA,182.5,0.644444444,0.966666667,""
"830","L","Paul Lake",2014,198,2014-07-17,"1",0.5,217,2,NA,NA,NA,""
"831","R","Peter Lake",2014,198,2014-07-17,"1",0.5,412,14,NA,NA,NA,""
"832","T","Tuesday Lake",2014,198,2014-07-17,"1",0.5,609,46,NA,NA,NA,""
"833","L","Paul Lake",2014,199,2014-07-18,"1",0.5,229,2,NA,NA,NA,""
"834","R","Peter Lake",2014,199,2014-07-18,"1",0.5,409,23,NA,NA,NA,""
"835","T","Tuesday Lake",2014,199,2014-07-18,"1",0.5,556,42,NA,NA,NA,""
"836","L","Paul Lake",2014,200,2014-07-19,"1",0.5,214,9,NA,NA,NA,""
"837","R","Peter Lake",2014,200,2014-07-19,"1",0.5,347,16,NA,NA,NA,""
"838","T","Tuesday Lake",2014,200,2014-07-19,"1",0.5,580,51,NA,NA,NA,""
"839","L","Paul Lake",2014,201,2014-07-20,"1",0.5,212,8,NA,NA,NA,""
"840","R","Peter Lake",2014,201,2014-07-20,"1",0.5,405,17,NA,NA,NA,""
"841","T","Tuesday Lake",2014,201,2014-07-20,"1",0.5,594,46,NA,NA,NA,""
"842","L","Paul Lake",2014,202,2014-07-21,"1",0.5,237,9,NA,NA,NA,""
"843","R","Peter Lake",2014,202,2014-07-21,"-1",NA,NA,NA,17.3,50.84444444,-0.033333333,""
"844","R","Peter Lake",2014,202,2014-07-21,"-2",4,NA,NA,-0.1,0.044444444,2.666666667,""
"845","R","Peter Lake",2014,202,2014-07-21,"1",0.5,403,18,NA,NA,NA,""
"846","R","Peter Lake",2014,202,2014-07-21,"7",12,NA,NA,1297,6.444444444,161.7666667,""
"847","T","Tuesday Lake",2014,202,2014-07-21,"1",0.5,589,46,NA,NA,NA,""
"848","L","Paul Lake",2014,203,2014-07-22,"-1",NA,NA,NA,0.2,3.744444444,0.666666667,""
"849","L","Paul Lake",2014,203,2014-07-22,"-2",4,NA,NA,-7.7,0.344444444,0.166666667,""
"850","L","Paul Lake",2014,203,2014-07-22,"1",0.5,230,10,NA,NA,NA,""
"851","L","Paul Lake",2014,203,2014-07-22,"7",9,NA,NA,1065.1,7.144444444,18.56666667,""
"852","R","Peter Lake",2014,203,2014-07-22,"1",0.5,418,19,NA,NA,NA,""
"853","T","Tuesday Lake",2014,203,2014-07-22,"1",0.5,564,46,NA,NA,NA,""
"854","L","Paul Lake",2014,204,2014-07-23,"1",0.5,212,10,NA,NA,NA,""
"855","R","Peter Lake",2014,204,2014-07-23,"1",0.5,363,16,NA,NA,NA,""
"856","T","Tuesday Lake",2014,204,2014-07-23,"-1",NA,NA,NA,3.4,-0.355555556,0.466666667,""
"857","T","Tuesday Lake",2014,204,2014-07-23,"-2",3,NA,NA,4.3,-0.555555556,0.766666667,""
"858","T","Tuesday Lake",2014,204,2014-07-23,"1",0.5,516,39,NA,NA,NA,""
"859","T","Tuesday Lake",2014,204,2014-07-23,"7",10,NA,NA,300,15.14444444,4.066666667,""
"860","L","Paul Lake",2014,205,2014-07-24,"1",0.5,225,9,NA,NA,NA,""
"861","R","Peter Lake",2014,205,2014-07-24,"1",0.5,406,18,NA,NA,NA,""
"862","T","Tuesday Lake",2014,205,2014-07-24,"1",0.5,631,52,NA,NA,NA,""
"863","L","Paul Lake",2014,206,2014-07-25,"1",0.5,255,13,NA,NA,NA,""
"864","R","Peter Lake",2014,206,2014-07-25,"1",0.5,427,20,NA,NA,NA,""
"865","T","Tuesday Lake",2014,206,2014-07-25,"1",0.5,595,51,NA,NA,NA,""
"866","L","Paul Lake",2014,207,2014-07-26,"1",0.5,220,12,NA,NA,NA,""
"867","R","Peter Lake",2014,207,2014-07-26,"1",0.5,360,21,NA,NA,NA,""
"868","T","Tuesday Lake",2014,207,2014-07-26,"1",0.5,501,47,NA,NA,NA,""
"869","L","Paul Lake",2014,208,2014-07-27,"1",0.5,231,12,NA,NA,NA,""
"870","R","Peter Lake",2014,208,2014-07-27,"1",0.5,438,26,NA,NA,NA,""
"871","T","Tuesday Lake",2014,208,2014-07-27,"1",0.5,525,48,NA,NA,NA,""
"872","L","Paul Lake",2014,209,2014-07-28,"1",0.5,240,10,NA,NA,NA,""
"873","R","Peter Lake",2014,209,2014-07-28,"-1",NA,NA,NA,22.9,71.14444444,0.566666667,""
"874","R","Peter Lake",2014,209,2014-07-28,"-2",4,NA,NA,3.4,0.244444444,2.566666667,""
"875","R","Peter Lake",2014,209,2014-07-28,"1",0.5,416,31,NA,NA,NA,""
"876","R","Peter Lake",2014,209,2014-07-28,"7",12,NA,NA,924.7,5.744444444,97.06666667,""
"877","T","Tuesday Lake",2014,209,2014-07-28,"1",0.5,543,48,NA,NA,NA,""
"878","L","Paul Lake",2014,210,2014-07-29,"-1",NA,NA,NA,-1.3,-0.255555556,-0.233333333,""
"879","L","Paul Lake",2014,210,2014-07-29,"-2",4,NA,NA,-6.6,-0.555555556,1.266666667,""
"880","L","Paul Lake",2014,210,2014-07-29,"1",0.5,266,7,NA,NA,NA,""
"881","L","Paul Lake",2014,210,2014-07-29,"7",9,NA,NA,675.2,2.444444444,-0.033333333,""
"882","R","Peter Lake",2014,210,2014-07-29,"1",0.5,427,13,NA,NA,NA,""
"883","T","Tuesday Lake",2014,210,2014-07-29,"1",0.5,616,36,NA,NA,NA,""
"884","L","Paul Lake",2014,211,2014-07-30,"1",0.5,221,2,NA,NA,NA,""
"885","R","Peter Lake",2014,211,2014-07-30,"1",0.5,390,11,NA,NA,NA,""
"886","T","Tuesday Lake",2014,211,2014-07-30,"-1",NA,NA,NA,6.4,-0.455555556,0.966666667,""
"887","T","Tuesday Lake",2014,211,2014-07-30,"-2",3,NA,NA,18.2,-1.055555556,1.766666667,""
"888","T","Tuesday Lake",2014,211,2014-07-30,"1",0.5,521,40,NA,NA,NA,""
"889","T","Tuesday Lake",2014,211,2014-07-30,"7",10,NA,NA,224.6,0.344444444,2.266666667,""
"890","L","Paul Lake",2014,212,2014-07-31,"1",0.5,227,5,NA,NA,NA,""
"891","R","Peter Lake",2014,212,2014-07-31,"1",0.5,416,11,NA,NA,NA,""
"892","T","Tuesday Lake",2014,212,2014-07-31,"1",0.5,521,33,NA,NA,NA,""
"893","L","Paul Lake",2014,213,2014-08-01,"1",0.5,214,9,NA,NA,NA,""
"894","R","Peter Lake",2014,213,2014-08-01,"1",0.5,403,12,NA,NA,NA,""
"895","T","Tuesday Lake",2014,213,2014-08-01,"1",0.5,464,35,NA,NA,NA,""
"896","L","Paul Lake",2014,214,2014-08-02,"1",0.5,242,2,NA,NA,NA,""
"897","R","Peter Lake",2014,214,2014-08-02,"1",0.5,380,13,NA,NA,NA,""
"898","T","Tuesday Lake",2014,214,2014-08-02,"1",0.5,524,32,NA,NA,NA,""
"899","L","Paul Lake",2014,215,2014-08-03,"1",0.5,192,3,NA,NA,NA,""
"900","R","Peter Lake",2014,215,2014-08-03,"1",0.5,414,12,NA,NA,NA,""
"901","T","Tuesday Lake",2014,215,2014-08-03,"1",0.5,529,30,NA,NA,NA,""
"902","L","Paul Lake",2014,216,2014-08-04,"1",0.5,213,2,NA,NA,NA,""
"903","R","Peter Lake",2014,216,2014-08-04,"-1",NA,NA,NA,28.6,56.14444444,0.066666667,""
"904","R","Peter Lake",2014,216,2014-08-04,"-2",4,NA,NA,31.2,-0.455555556,1.066666667,""
"905","R","Peter Lake",2014,216,2014-08-04,"1",0.5,469,18,NA,NA,NA,""
"906","R","Peter Lake",2014,216,2014-08-04,"7",12,NA,NA,663,3.244444444,97.46666667,""
"907","T","Tuesday Lake",2014,216,2014-08-04,"1",0.5,535,41,NA,NA,NA,""
"908","L","Paul Lake",2014,217,2014-08-05,"-1",NA,NA,NA,-1.6,-0.855555556,-0.233333333,""
"909","L","Paul Lake",2014,217,2014-08-05,"-2",4,NA,NA,-10.3,-0.855555556,-0.033333333,""
"910","L","Paul Lake",2014,217,2014-08-05,"1",0.5,228,2,NA,NA,NA,""
"911","L","Paul Lake",2014,217,2014-08-05,"7",9,NA,NA,927.8,2.344444444,1.566666667,""
"912","R","Peter Lake",2014,217,2014-08-05,"1",0.5,424,12,NA,NA,NA,""
"913","T","Tuesday Lake",2014,217,2014-08-05,"1",0.5,529,31,NA,NA,NA,""
"914","L","Paul Lake",2014,218,2014-08-06,"1",0.5,237,2,NA,NA,NA,""
"915","R","Peter Lake",2014,218,2014-08-06,"1",0.5,445,15,NA,NA,NA,""
"916","T","Tuesday Lake",2014,218,2014-08-06,"-1",NA,NA,NA,8.8,-1.455555556,1.266666667,""
"917","T","Tuesday Lake",2014,218,2014-08-06,"-2",3,NA,NA,9.4,-1.155555556,0.566666667,""
"918","T","Tuesday Lake",2014,218,2014-08-06,"1",0.5,549,30,NA,NA,NA,""
"919","T","Tuesday Lake",2014,218,2014-08-06,"7",10,NA,NA,324,-0.055555556,1.666666667,""
"920","L","Paul Lake",2014,219,2014-08-07,"1",0.5,221,2,NA,NA,NA,""
"921","R","Peter Lake",2014,219,2014-08-07,"1",0.5,442,15,NA,NA,NA,""
"922","T","Tuesday Lake",2014,219,2014-08-07,"1",0.5,571,31,NA,NA,NA,""
"923","L","Paul Lake",2014,220,2014-08-08,"1",0.5,295,2,NA,NA,NA,""
"924","R","Peter Lake",2014,220,2014-08-08,"1",0.5,462,14,NA,NA,NA,""
"925","T","Tuesday Lake",2014,220,2014-08-08,"1",0.5,586,31,NA,NA,NA,""
"926","L","Paul Lake",2014,221,2014-08-09,"1",0.5,243,2,NA,NA,NA,""
"927","R","Peter Lake",2014,221,2014-08-09,"1",0.5,383,11,NA,NA,NA,""
"928","T","Tuesday Lake",2014,221,2014-08-09,"1",0.5,512,31,NA,NA,NA,""
"929","L","Paul Lake",2014,222,2014-08-10,"1",0.5,227,2,NA,NA,NA,""
"930","R","Peter Lake",2014,222,2014-08-10,"1",0.5,411,9,NA,NA,NA,""
"931","T","Tuesday Lake",2014,222,2014-08-10,"1",0.5,496,29,NA,NA,NA,""
"932","L","Paul Lake",2014,223,2014-08-11,"1",0.5,221,6,NA,NA,NA,""
"933","R","Peter Lake",2014,223,2014-08-11,"-1",NA,NA,NA,27.8,57.44444444,0.066666667,""
"934","R","Peter Lake",2014,223,2014-08-11,"-2",4,NA,NA,14.8,9.044444444,0.266666667,""
"935","R","Peter Lake",2014,223,2014-08-11,"1",0.5,449,13,NA,NA,NA,""
"936","R","Peter Lake",2014,223,2014-08-11,"7",12,NA,NA,956.6,1.644444444,106.6666667,""
"937","T","Tuesday Lake",2014,223,2014-08-11,"1",0.5,500,35,NA,NA,NA,""
"938","L","Paul Lake",2014,224,2014-08-12,"-1",NA,NA,NA,5.7,1.044444444,-0.033333333,""
"939","L","Paul Lake",2014,224,2014-08-12,"-2",4,NA,NA,11.6,-0.655555556,-0.033333333,""
"940","L","Paul Lake",2014,224,2014-08-12,"1",0.5,229,2,NA,NA,NA,""
"941","L","Paul Lake",2014,224,2014-08-12,"7",9,NA,NA,1013.2,2.444444444,0.366666667,""
"942","R","Peter Lake",2014,224,2014-08-12,"1",0.5,507,14,NA,NA,NA,""
"943","T","Tuesday Lake",2014,224,2014-08-12,"1",0.5,552,32,NA,NA,NA,""
"944","L","Paul Lake",2014,225,2014-08-13,"1",0.5,224,1,NA,NA,NA,""
"945","R","Peter Lake",2014,225,2014-08-13,"1",0.5,463,12,NA,NA,NA,""
"946","T","Tuesday Lake",2014,225,2014-08-13,"-1",NA,NA,NA,11.1,-1.155555556,1.266666667,""
"947","T","Tuesday Lake",2014,225,2014-08-13,"-2",3,NA,NA,14.1,-0.055555556,0.366666667,""
"948","T","Tuesday Lake",2014,225,2014-08-13,"1",0.5,549,32,NA,NA,NA,""
"949","T","Tuesday Lake",2014,225,2014-08-13,"7",10,NA,NA,334.7,-0.855555556,3.566666667,""
"950","L","Paul Lake",2014,226,2014-08-14,"1",0.5,257,6,NA,NA,NA,""
"951","R","Peter Lake",2014,226,2014-08-14,"1",0.5,454,12,NA,NA,NA,""
"952","T","Tuesday Lake",2014,226,2014-08-14,"1",0.5,598,36,NA,NA,NA,""
"953","L","Paul Lake",2014,227,2014-08-15,"1",0.5,234,5,NA,NA,NA,""
"954","R","Peter Lake",2014,227,2014-08-15,"1",0.5,437,10,NA,NA,NA,""
"955","T","Tuesday Lake",2014,227,2014-08-15,"1",0.5,560,30,NA,NA,NA,""
"956","L","Paul Lake",2014,228,2014-08-16,"1",0.5,226,11,NA,NA,NA,""
"957","R","Peter Lake",2014,228,2014-08-16,"1",0.5,416,11,NA,NA,NA,""
"958","T","Tuesday Lake",2014,228,2014-08-16,"1",0.5,570,31,NA,NA,NA,""
"959","L","Paul Lake",2014,229,2014-08-17,"1",0.5,218,2,NA,NA,NA,""
"960","R","Peter Lake",2014,229,2014-08-17,"1",0.5,429,12,NA,NA,NA,""
"961","T","Tuesday Lake",2014,229,2014-08-17,"1",0.5,520,29,NA,NA,NA,""
"962","L","Paul Lake",2014,230,2014-08-18,"1",0.5,240,3,NA,NA,NA,""
"963","R","Peter Lake",2014,230,2014-08-18,"-1",NA,NA,NA,32.2,57.04444444,0.066666667,""
"964","R","Peter Lake",2014,230,2014-08-18,"-2",4,NA,NA,21.8,16.74444444,0.566666667,""
"965","R","Peter Lake",2014,230,2014-08-18,"1",0.5,481,11,NA,NA,NA,""
"966","R","Peter Lake",2014,230,2014-08-18,"7",12,NA,NA,866.1,3.344444444,113.9666667,""
"967","T","Tuesday Lake",2014,230,2014-08-18,"1",0.5,568,34,NA,NA,NA,""
"968","L","Paul Lake",2014,231,2014-08-19,"-1",NA,NA,NA,14.6,0.544444444,0.066666667,""
"969","L","Paul Lake",2014,231,2014-08-19,"-2",4,NA,NA,12.4,-0.155555556,-0.233333333,""
"970","L","Paul Lake",2014,231,2014-08-19,"1",0.5,222,2,NA,NA,NA,""
"971","L","Paul Lake",2014,231,2014-08-19,"7",9,NA,NA,422.5,3.244444444,8.366666667,""
"972","R","Peter Lake",2014,231,2014-08-19,"1",0.5,450,13,NA,NA,NA,""
"973","T","Tuesday Lake",2014,231,2014-08-19,"1",0.5,531,32,NA,NA,NA,""
"974","L","Paul Lake",2014,232,2014-08-20,"1",0.5,262,4,NA,NA,NA,""
"975","R","Peter Lake",2014,232,2014-08-20,"1",0.5,471,13,NA,NA,NA,""
"976","T","Tuesday Lake",2014,232,2014-08-20,"-1",NA,NA,NA,15.6,-0.855555556,1.066666667,""
"977","T","Tuesday Lake",2014,232,2014-08-20,"-2",3,NA,NA,17.2,0.044444444,0.966666667,""
"978","T","Tuesday Lake",2014,232,2014-08-20,"1",0.5,570,34,NA,NA,NA,""
"979","T","Tuesday Lake",2014,232,2014-08-20,"7",10,NA,NA,240.8,0.944444444,1.366666667,""
"980","L","Paul Lake",2014,233,2014-08-21,"1",0.5,452,6,NA,NA,NA,""
"981","R","Peter Lake",2014,233,2014-08-21,"1",0.5,542,16,NA,NA,NA,""
"982","T","Tuesday Lake",2014,233,2014-08-21,"1",0.5,532,34,NA,NA,NA,""
"983","L","Paul Lake",2014,234,2014-08-22,"1",0.5,246,11,NA,NA,NA,""
"984","R","Peter Lake",2014,234,2014-08-22,"1",0.5,567,17,NA,NA,NA,""
"985","T","Tuesday Lake",2014,234,2014-08-22,"1",0.5,646,37,NA,NA,NA,""
"986","L","Paul Lake",2014,235,2014-08-23,"1",0.5,240,2,NA,NA,NA,""
"987","R","Peter Lake",2014,235,2014-08-23,"1",0.5,512,15,NA,NA,NA,""
"988","T","Tuesday Lake",2014,235,2014-08-23,"1",0.5,643,39,NA,NA,NA,""
"989","L","Paul Lake",2014,236,2014-08-24,"1",0.5,243,3,NA,NA,NA,""
"990","R","Peter Lake",2014,236,2014-08-24,"1",0.5,493,11,NA,NA,NA,""
"991","T","Tuesday Lake",2014,236,2014-08-24,"1",0.5,534,32,NA,NA,NA,""
"992","L","Paul Lake",2014,237,2014-08-25,"1",0.5,227,3,NA,NA,NA,""
"993","R","Peter Lake",2014,237,2014-08-25,"-1",NA,NA,NA,62.5,104.8444444,3.366666667,""
"994","R","Peter Lake",2014,237,2014-08-25,"-2",4,NA,NA,17.9,5.744444444,0.366666667,""
"995","R","Peter Lake",2014,237,2014-08-25,"1",0.5,495,11,NA,NA,NA,""
"996","R","Peter Lake",2014,237,2014-08-25,"7",12,NA,NA,1402.3,5.544444444,194.3666667,""
"997","T","Tuesday Lake",2014,237,2014-08-25,"1",0.5,527,32,NA,NA,NA,""
"998","L","Paul Lake",2014,238,2014-08-26,"-1",NA,NA,NA,20.1,1.944444444,-0.033333333,""
"999","L","Paul Lake",2014,238,2014-08-26,"-2",4,NA,NA,11.4,-0.155555556,0.366666667,""
"1000","L","Paul Lake",2014,238,2014-08-26,"1",0.5,230,2,NA,NA,NA,""
"1001","L","Paul Lake",2014,238,2014-08-26,"7",9,NA,NA,825.4,16.74444444,0.466666667,""
"1002","R","Peter Lake",2014,238,2014-08-26,"1",0.5,488,13,NA,NA,NA,""
"1003","T","Tuesday Lake",2014,238,2014-08-26,"1",0.5,542,29,NA,NA,NA,""
"1004","L","Paul Lake",2014,239,2014-08-27,"1",0.5,234,9,NA,NA,NA,""
"1005","R","Peter Lake",2014,239,2014-08-27,"1",0.5,537,13,NA,NA,NA,""
"1006","T","Tuesday Lake",2014,239,2014-08-27,"-1",NA,NA,NA,17,-0.855555556,0.866666667,""
"1007","T","Tuesday Lake",2014,239,2014-08-27,"-2",3,NA,NA,9.8,0.344444444,0.666666667,""
"1008","T","Tuesday Lake",2014,239,2014-08-27,"1",0.5,540,35,NA,NA,NA,""
"1009","T","Tuesday Lake",2014,239,2014-08-27,"7",10,NA,NA,392.2,2.744444444,0.966666667,""
"1010","L","Paul Lake",2014,240,2014-08-28,"1",0.5,213,2,NA,NA,NA,""
"1011","R","Peter Lake",2014,240,2014-08-28,"1",0.5,484,11,NA,NA,NA,""
"1012","T","Tuesday Lake",2014,240,2014-08-28,"1",0.5,558,34,NA,NA,NA,""
"1013","L","Paul Lake",2014,241,2014-08-29,"1",0.5,233,3,NA,NA,NA,""
"1014","R","Peter Lake",2014,241,2014-08-29,"1",0.5,461,10,NA,NA,NA,""
"1015","T","Tuesday Lake",2014,241,2014-08-29,"1",0.5,518,32,NA,NA,NA,""
"1016","R","Peter Lake",2015,138,2015-05-18,"1",0.5,302.5,14,NA,NA,NA,""
"1017","L","Paul Lake",2015,139,2015-05-19,"1",0.5,176.5,15,NA,NA,NA,""
"1018","T","Tuesday Lake",2015,140,2015-05-20,"1",0.5,389.5,17,NA,NA,NA,""
"1019","R","Peter Lake",2015,145,2015-05-25,"1",0.5,254.5,12,NA,NA,NA,""
"1020","L","Paul Lake",2015,146,2015-05-26,"1",0.5,198.5,13,NA,NA,NA,""
"1021","R","Peter Lake",2015,152,2015-06-01,"1",0.5,234.5,3,NA,NA,NA,""
"1022","L","Paul Lake",2015,153,2015-06-02,"1",0.5,215.5,17,NA,NA,NA,""
"1023","T","Tuesday Lake",2015,154,2015-06-03,"1",0.5,439.5,26,NA,NA,NA,""
"1024","R","Peter Lake",2015,159,2015-06-08,"1",0.5,267.5,12,NA,NA,NA,""
"1025","L","Paul Lake",2015,160,2015-06-09,"1",0.5,226.5,13,NA,NA,NA,""
"1026","T","Tuesday Lake",2015,161,2015-06-10,"1",0.5,507.5,32,NA,NA,NA,""
"1027","R","Peter Lake",2015,166,2015-06-15,"1",0.5,284.5,14,NA,NA,NA,""
"1028","L","Paul Lake",2015,167,2015-06-16,"1",0.5,257.5,12,NA,NA,NA,""
"1029","T","Tuesday Lake",2015,168,2015-06-17,"1",0.5,532.5,33,NA,NA,NA,""
"1030","R","Peter Lake",2015,173,2015-06-22,"1",0.5,542.5,21,NA,NA,NA,""
"1031","L","Paul Lake",2015,174,2015-06-23,"1",0.5,220.5,8,NA,NA,NA,""
"1032","T","Tuesday Lake",2015,175,2015-06-24,"1",0.5,543.5,44,NA,NA,NA,""
"1033","R","Peter Lake",2015,180,2015-06-29,"1",0.5,754.5,39,NA,NA,NA,""
"1034","L","Paul Lake",2015,181,2015-06-30,"1",0.5,225.5,12,NA,NA,NA,""
"1035","T","Tuesday Lake",2015,182,2015-07-01,"1",0.5,494.5,37,NA,NA,NA,""
"1036","R","Peter Lake",2015,187,2015-07-06,"1",0.5,646.5,21,NA,NA,NA,""
"1037","L","Paul Lake",2015,188,2015-07-07,"1",0.5,241.5,11,NA,NA,NA,""
"1038","T","Tuesday Lake",2015,189,2015-07-08,"1",0.5,495.5,34,NA,NA,NA,""
"1039","R","Peter Lake",2015,194,2015-07-13,"1",0.5,547.5,15,NA,NA,NA,""
"1040","L","Paul Lake",2015,195,2015-07-14,"1",0.5,252.5,11,NA,NA,NA,""
"1041","T","Tuesday Lake",2015,196,2015-07-15,"1",0.5,517.5,36,NA,NA,NA,""
"1042","R","Peter Lake",2015,201,2015-07-20,"1",0.5,586.5,15,NA,NA,NA,""
"1043","L","Paul Lake",2015,202,2015-07-21,"1",0.5,252.5,8,NA,NA,NA,""
"1044","T","Tuesday Lake",2015,203,2015-07-22,"1",0.5,517.5,30,NA,NA,NA,""
"1045","R","Peter Lake",2015,208,2015-07-27,"1",0.5,567.5,13,NA,NA,NA,""
"1046","L","Paul Lake",2015,209,2015-07-28,"1",0.5,258.5,15,NA,NA,NA,""
"1047","T","Tuesday Lake",2015,210,2015-07-29,"1",0.5,517.5,36,NA,NA,NA,""
"1048","R","Peter Lake",2015,215,2015-08-03,"1",0.5,442.5,14,NA,NA,NA,""
"1049","L","Paul Lake",2015,216,2015-08-04,"1",0.5,274.5,13,NA,NA,NA,""
"1050","T","Tuesday Lake",2015,217,2015-08-05,"1",0.5,521.5,34,NA,NA,NA,""
"1051","R","Peter Lake",2015,222,2015-08-10,"1",0.5,402.5,10,NA,NA,NA,""
"1052","L","Paul Lake",2015,223,2015-08-11,"1",0.5,237.5,9,NA,NA,NA,""
"1053","T","Tuesday Lake",2015,224,2015-08-12,"1",0.5,541.5,34,NA,NA,NA,""
"1054","R","Peter Lake",2015,229,2015-08-17,"1",0.5,333.5,9,NA,NA,NA,""
"1055","L","Paul Lake",2015,230,2015-08-18,"1",0.5,231.5,12,NA,NA,NA,""
"1056","T","Tuesday Lake",2015,231,2015-08-19,"1",0.5,681.5,40,NA,NA,NA,""
"1057","R","Peter Lake",2015,236,2015-08-24,"1",0.5,339.5,2,NA,NA,NA,""
"1058","L","Paul Lake",2015,237,2015-08-25,"1",0.5,237.5,11,NA,NA,NA,""
"1059","T","Tuesday Lake",2015,238,2015-08-26,"1",0.5,715.5,42,NA,NA,NA,""
"1060","R","Peter Lake",2016,144,2016-05-23,"1",0.5,290,11,NA,NA,NA,""
"1061","L","Paul Lake",2016,145,2016-05-24,"1",0.5,350,6,NA,NA,NA,""
"1062","T","Tuesday Lake",2016,146,2016-05-25,"1",0.5,570,17,NA,NA,NA,""
"1063","R","Peter Lake",2016,151,2016-05-30,"1",0.5,280,7,NA,NA,NA,""
"1064","L","Paul Lake",2016,152,2016-05-31,"1",0.5,200,7,NA,NA,NA,""
"1065","T","Tuesday Lake",2016,153,2016-06-01,"1",0.5,410,16,NA,NA,NA,""
"1066","R","Peter Lake",2016,158,2016-06-06,"1",0.5,280,9,NA,NA,NA,""
"1067","L","Paul Lake",2016,159,2016-06-07,"1",0.5,260,10,NA,NA,NA,""
"1068","T","Tuesday Lake",2016,160,2016-06-08,"1",0.5,420,29,NA,NA,NA,""
"1069","R","Peter Lake",2016,165,2016-06-13,"1",0.5,300,9,NA,NA,NA,""
"1070","L","Paul Lake",2016,166,2016-06-14,"1",0.5,260,6,NA,NA,NA,""
"1071","T","Tuesday Lake",2016,167,2016-06-15,"1",0.5,410,17,NA,NA,NA,""
"1072","R","Peter Lake",2016,172,2016-06-20,"1",0.5,350,11,NA,NA,NA,""
"1073","L","Paul Lake",2016,173,2016-06-21,"1",0.5,270,8,NA,NA,NA,""
"1074","T","Tuesday Lake",2016,174,2016-06-22,"1",0.5,440,18,NA,NA,NA,""
"1075","R","Peter Lake",2016,179,2016-06-27,"1",0.5,310,10,NA,NA,NA,""
"1076","L","Paul Lake",2016,180,2016-06-28,"1",0.5,250,6,NA,NA,NA,""
"1077","T","Tuesday Lake",2016,181,2016-06-29,"1",0.5,470,20,NA,NA,NA,""
"1078","R","Peter Lake",2016,186,2016-07-04,"1",0.5,300,6,NA,NA,NA,""
"1079","L","Paul Lake",2016,187,2016-07-05,"1",0.5,250,7,NA,NA,NA,""
"1080","T","Tuesday Lake",2016,188,2016-07-06,"1",0.5,440,18,NA,NA,NA,""
"1081","R","Peter Lake",2016,193,2016-07-11,"1",0.5,310,14,NA,NA,NA,""
"1082","L","Paul Lake",2016,194,2016-07-12,"1",0.5,260,6,NA,NA,NA,""
"1083","T","Tuesday Lake",2016,195,2016-07-13,"1",0.5,430,24,NA,NA,NA,""
"1084","R","Peter Lake",2016,200,2016-07-18,"1",0.5,360,18,NA,NA,NA,""
"1085","L","Paul Lake",2016,201,2016-07-19,"1",0.5,260,9,NA,NA,NA,""
"1086","T","Tuesday Lake",2016,202,2016-07-20,"1",0.5,380,24,NA,NA,NA,""
"1087","R","Peter Lake",2016,207,2016-07-25,"1",0.5,280,6,NA,NA,NA,""
"1088","L","Paul Lake",2016,208,2016-07-26,"1",0.5,250,7,NA,NA,NA,""
"1089","T","Tuesday Lake",2016,209,2016-07-27,"1",0.5,390,16,NA,NA,NA,""
"1090","R","Peter Lake",2016,214,2016-08-01,"1",0.5,310,7,NA,NA,NA,""
"1091","L","Paul Lake",2016,215,2016-08-02,"1",0.5,230,6,NA,NA,NA,""
"1092","T","Tuesday Lake",2016,216,2016-08-03,"1",0.5,690,10,NA,NA,NA,""
"1093","R","Peter Lake",2016,221,2016-08-08,"1",0.5,280,5,NA,NA,NA,""
"1094","L","Paul Lake",2016,222,2016-08-09,"1",0.5,260,7,NA,NA,NA,""
"1095","T","Tuesday Lake",2016,223,2016-08-10,"1",0.5,480,18,NA,NA,NA,""
"1096","R","Peter Lake",2016,228,2016-08-15,"1",0.5,310,6,NA,NA,NA,""
"1097","L","Paul Lake",2016,229,2016-08-16,"1",0.5,260,6,NA,NA,NA,""
"1098","T","Tuesday Lake",2016,230,2016-08-17,"1",0.5,420,12,NA,NA,NA,""
